{
    "1": [
        0.010566939875708054,
        0.010584164384304045,
        0.010566939875708054
    ],
    "2": [
        0.010390059169030857,
        0.010773022949823897,
        0.010566939875708054
    ],
    "4": [
        0.010057116091735001,
        0.010575351039588322,
        0.02171546894897193
    ],
    "8": [
        0.010568091422837584,
        0.010593721795149207,
        0.010566939875708054
    ],
    "16": [
        0.010195878330179547,
        0.010715316198266565,
        0.010566939875708054
    ],
    "32": [
        0.010568746570562523,
        0.010709943519086312,
        0.010566939875708054
    ],
    "64": [
        0.010317145593712357,
        0.010760297738157532,
        0.00043931135021478286
    ]
}