{
    "1": [
        0.010566939875708054,
        0.10082707221114412,
        0.10791974273772602,
        0.010562901091034749,
        0.1072263342593162,
        0.010566939875708054,
        0.04366471795456203,
        0.10657718217536735,
        0.010566939875708054,
        0.09983331956972367
    ],
    "2": [
        0.010566939875708054,
        0.08448125440013549,
        0.10009118724607596,
        0.010566939875708054,
        0.1072238100781151,
        0.010566939875708054,
        0.050749588731227875,
        0.09574623450594917,
        0.010566939875708054,
        0.09260706057471932
    ],
    "4": [
        0.010566939875708054,
        0.1065816655027134,
        0.10227069382557788,
        0.010566939875708054,
        0.10722067411776152,
        0.012026011884597423,
        0.07424497880728795,
        0.11509099482779353,
        0.010566939875708054,
        0.08785337642992465
    ],
    "8": [
        0.010566939875708054,
        0.10724480615228311,
        0.10954496121836885,
        0.010566939875708054,
        0.10722090823304121,
        0.10723089749379987,
        0.05607494721252371,
        0.10976590571724869,
        0.010566939875708054,
        0.08705450158420037
    ],
    "16": [
        0.010566939875708054,
        0.10697018411266505,
        0.10880950350381617,
        0.10721421482587101,
        0.10722767594121588,
        0.10917547772036895,
        0.03170872311024382,
        0.1168081378636721,
        0.010566939875708054,
        0.09087852950837562
    ],
    "32": [
        0.010566939875708054,
        0.10707495863577016,
        0.1141440948521702,
        0.10870294559868504,
        0.10717259039249537,
        0.10703259340321945,
        0.029242233243835822,
        0.12683273842248285,
        0.010566939875708054,
        0.08591092732355757
    ],
    "64": [
        0.010566939875708054,
        0.09834305453249152,
        0.12288701113811253,
        0.09989204792061238,
        0.10722767594121588,
        0.07544711805136121,
        0.03637480344928679,
        0.12804569955653042,
        0.0358974183113059,
        0.0799378676018902
    ]
}