{
    "1": [
        0.010566939875708054,
        0.010566939875708054,
        0.03893626125112711,
        0.10723434597633792,
        0.10722090823304121,
        0.10721973884103708,
        0.10983036637878671,
        0.025198886204602842,
        0.010566939875708054,
        0.010566939875708054
    ],
    "2": [
        0.010566939875708054,
        0.010566939875708054,
        0.010647497877495872,
        0.10722635936847603,
        0.10721976837193577,
        0.10728662830055263,
        0.07942370662509181,
        0.010566939875708054,
        0.010566939875708054,
        0.010566939875708054
    ],
    "4": [
        0.010566939875708054,
        0.010566939875708054,
        0.05232380466521191,
        0.10721459738524036,
        0.10722090823304121,
        0.10514392803828237,
        0.10587661829703808,
        0.010566939875708054,
        0.010095550329366609,
        0.010566939875708054
    ],
    "8": [
        0.010566939875708054,
        0.010566939875708054,
        0.009418878991154966,
        0.10722090823304121,
        0.10722767594121588,
        0.09862274451649806,
        0.11585791250356164,
        0.010566939875708054,
        0.010568746570562523,
        0.010566939875708054
    ],
    "16": [
        0.010566939875708054,
        0.010566939875708054,
        0.010603656652728184,
        0.10722767594121588,
        0.10722767594121588,
        0.042285815673388474,
        0.1178207342189202,
        0.010566939875708054,
        0.010159349240181284,
        0.010566939875708054
    ],
    "32": [
        0.010566939875708054,
        0.010566939875708054,
        0.010682762389665488,
        0.10722767594121588,
        0.10722090823304121,
        0.039798003234774844,
        0.12829699455497479,
        0.010566939875708054,
        0.010568091422837584,
        0.010566939875708054
    ],
    "64": [
        0.010566939875708054,
        0.010566939875708054,
        0.02757815841729129,
        0.10722767594121588,
        0.10722767594121588,
        0.05265715304224829,
        0.12712859428369125,
        0.010566939875708054,
        0.010061298178252567,
        0.010566939875708054
    ]
}