{
    "1": [
        0.023267051067784993,
        0.010566939875708054,
        0.010566939875708054,
        0.010572404217139678
    ],
    "2": [
        0.010566939875708054,
        0.014191293749988504,
        0.010566939875708054,
        0.010566939875708054
    ],
    "4": [
        0.010566939875708054,
        0.010566939875708054,
        0.010566939875708054,
        0.010566939875708054
    ],
    "8": [
        0.020593286764742147,
        0.010566939875708054,
        0.010566939875708054,
        0.010566939875708054
    ],
    "16": [
        0.010566939875708054,
        0.010566939875708054,
        0.010566939875708054,
        0.10725534765663912
    ],
    "32": [
        0.010566939875708054,
        0.018938583517572032,
        0.010566939875708054,
        0.10707635993218458
    ],
    "64": [
        0.010566939875708054,
        0.10045751962347484,
        0.010566939875708054,
        0.10723549002230336
    ]
}