{
    "1": [
        0.010562901091034749,
        0.022395804043261493,
        0.04302315941747598,
        0.010566939875708054,
        0.10516261888628153,
        0.0794561884817372,
        0.03156840949288305,
        0.010566939875708054,
        0.010566939875708054,
        0.010566939875708054
    ],
    "2": [
        0.010566939875708054,
        0.021739414895403996,
        0.04271170567510775,
        0.010566939875708054,
        0.10113596098966642,
        0.08298668037840301,
        0.02174910809705936,
        0.010566939875708054,
        0.010566939875708054,
        0.010566939875708054
    ],
    "4": [
        0.010566939875708054,
        0.010566939875708054,
        0.04193571107753521,
        0.010566939875708054,
        0.09341482043088638,
        0.07592200948655517,
        0.010566939875708054,
        0.010566939875708054,
        0.010566939875708054,
        0.010566939875708054
    ],
    "8": [
        0.010566939875708054,
        0.010566939875708054,
        0.03841471293051919,
        0.010566939875708054,
        0.09181684412532225,
        0.09262655341560072,
        0.010566939875708054,
        0.10529865004957502,
        0.010566939875708054,
        0.010566939875708054
    ],
    "16": [
        0.10720483797594182,
        0.010566939875708054,
        0.03914546303291908,
        0.010945426754494302,
        0.11120011123882104,
        0.08573759792458638,
        0.010566939875708054,
        0.10040069696306689,
        0.010566939875708054,
        0.010566939875708054
    ],
    "32": [
        0.10717087302071347,
        0.010566939875708054,
        0.045419512333548566,
        0.09986555609882303,
        0.08236730554716183,
        0.08333005729861007,
        0.010566939875708054,
        0.10465468205961886,
        0.02020992785025993,
        0.010566939875708054
    ],
    "64": [
        0.1115381725972645,
        0.010566939875708054,
        0.04823507775453409,
        0.10082652170465844,
        0.06634088983044638,
        0.08974344024872974,
        0.010566939875708054,
        0.08737811593745674,
        0.005633803116878466,
        0.010549596019643174
    ]
}