{
    "1e-06": [
        0.09880238390983419
    ],
    "1e-05": [
        0.13966342033223902
    ],
    "0.0001": [
        0.13906837016978163
    ],
    "0.001": [
        0.13911339780117604
    ],
    "0.01": [
        0.13804150642232693
    ],
    "0.1": [
        0.1616461692972386
    ],
    "1.0": [
        0.17470117122568982
    ],
    "10.0": [
        0.16275019138417346
    ],
    "100.0": [
        0.16300419746561254
    ],
    "1000.0": [
        0.10604710680373172
    ],
    "10000.0": [
        0.04736207089525588
    ],
    "100000.0": [
        0.047645804222593915
    ]
}