{
    "1e-06": [
        0.023107562414771313,
        0.012418438853670255,
        0.02291131565852069
    ],
    "1e-05": [
        0.08906296246616797,
        0.01377099125342212,
        0.054071978448427954
    ],
    "0.0001": [
        0.1208222004711058,
        0.02829484637561437,
        0.123497348667838
    ],
    "0.001": [
        0.11550837112410543,
        0.09793928205143505,
        0.10687265799478823
    ],
    "0.01": [
        0.1038721997122202,
        0.09846804027983032,
        0.09103710113752408
    ],
    "0.1": [
        0.10446331352533875,
        0.10214900390754725,
        0.09371482597780784
    ],
    "1.0": [
        0.04604342031934944,
        0.10170133698125954,
        0.14304790760328107
    ],
    "10.0": [
        0.04840747412915691,
        0.0468939530862125,
        0.03440190713286526
    ],
    "100.0": [
        0.044354978720009264,
        0.05450407768030604,
        0.03187129384272917
    ],
    "1000.0": [
        0.04513604012356555,
        0.019777356640818776,
        0.03345478975304128
    ],
    "10000.0": [
        0.04674150654410708,
        0.025925551375471194,
        0.0314888977143007
    ],
    "100000.0": [
        0.04688035106557588,
        0.024832663480330974,
        0.031724130590461135
    ]
}