{
    "1e-06": [
        0.011734982732758638,
        0.013901941581182855,
        0.00751663394486106,
        0.07658071649695304,
        0.06836538284415267,
        0.1104443800436703,
        0.14447378225458288,
        0.18293478435714997,
        0.121666011344107,
        0.15154899572844713
    ],
    "1e-05": [
        0.011734982732758638,
        0.013901941581182855,
        0.00751663394486106,
        0.07658071649695304,
        0.06836538284415267,
        0.1104443800436703,
        0.14447378225458288,
        0.18293478435714997,
        0.121666011344107,
        0.15154899572844713
    ],
    "0.0001": [
        0.011734982732758638,
        0.013901941581182855,
        0.00751663394486106,
        0.07658071649695304,
        0.06836538284415267,
        0.1104443800436703,
        0.14447378225458288,
        0.18293478435714997,
        0.121666011344107,
        0.15154899572844713
    ],
    "0.001": [
        0.011734982732758638,
        0.013901941581182855,
        0.00751663394486106,
        0.07658071649695304,
        0.06836538284415267,
        0.1104443800436703,
        0.14447378225458288,
        0.18293478435714997,
        0.121666011344107,
        0.15154899572844713
    ],
    "0.01": [
        0.011734982732758638,
        0.013901941581182855,
        0.00751663394486106,
        0.07658071649695304,
        0.06836538284415267,
        0.1104443800436703,
        0.14447378225458288,
        0.18293478435714997,
        0.121666011344107,
        0.15154899572844713
    ],
    "0.1": [
        0.011734982732758638,
        0.013901941581182855,
        0.00751663394486106,
        0.07658071649695304,
        0.06836538284415267,
        0.1104443800436703,
        0.14447378225458288,
        0.18293478435714997,
        0.121666011344107,
        0.15154899572844713
    ],
    "1.0": [
        0.011734982732758638,
        0.013901941581182855,
        0.00751663394486106,
        0.07658071649695304,
        0.06836538284415267,
        0.1104443800436703,
        0.14447378225458288,
        0.18293478435714997,
        0.121666011344107,
        0.15154899572844713
    ],
    "10.0": [
        0.011734982732758638,
        0.013901941581182855,
        0.00751663394486106,
        0.07658071649695304,
        0.06836538284415267,
        0.1104443800436703,
        0.14447378225458288,
        0.18293478435714997,
        0.121666011344107,
        0.15154899572844713
    ],
    "100.0": [
        0.011734982732758638,
        0.013901941581182855,
        0.00751663394486106,
        0.07658071649695304,
        0.06836538284415267,
        0.1104443800436703,
        0.14447378225458288,
        0.18293478435714997,
        0.121666011344107,
        0.15154899572844713
    ],
    "1000.0": [
        0.011734982732758638,
        0.013901941581182855,
        0.00751663394486106,
        0.07658071649695304,
        0.06836538284415267,
        0.1104443800436703,
        0.14447378225458288,
        0.18293478435714997,
        0.121666011344107,
        0.15154899572844713
    ],
    "10000.0": [
        0.011734982732758638,
        0.013901941581182855,
        0.00751663394486106,
        0.07658071649695304,
        0.06836538284415267,
        0.1104443800436703,
        0.14447378225458288,
        0.18293478435714997,
        0.121666011344107,
        0.15154899572844713
    ],
    "100000.0": [
        0.011734982732758638,
        0.013901941581182855,
        0.00751663394486106,
        0.07658071649695304,
        0.06836538284415267,
        0.1104443800436703,
        0.14447378225458288,
        0.18293478435714997,
        0.121666011344107,
        0.15154899572844713
    ]
}