{
    "1e-06": [
        0.013087753666208145,
        0.09216617523355687,
        0.02232477233764973,
        0.15016481115462932,
        0.08555066940632272,
        0.07552235583041576,
        0.14489549880332134,
        0.1561997231016768,
        0.014042884745496385,
        0.15419166646105179,
        0.014280964212214694,
        0.12684596853053315,
        0.12743953542506442,
        0.011131478624140963,
        0.11989331346877077
    ],
    "1e-05": [
        0.013087753666208145,
        0.19522983469861618,
        0.08469183089885306,
        0.12167235435323512,
        0.12647063884329288,
        0.1455308325747226,
        0.14069137573242188,
        0.19449008170594562,
        0.07739081585660894,
        0.1544624795304968,
        0.03871639129963327,
        0.21353000478541598,
        0.20245185811468897,
        0.01686414226572564,
        0.20641732317336062
    ],
    "0.0001": [
        0.013102081354628217,
        0.16528567862003407,
        0.08763373354648021,
        0.13916838016915828,
        0.1272874507498234,
        0.09969947084467462,
        0.14527834425581262,
        0.2309660201377057,
        0.07546261117813435,
        0.09594632006706076,
        0.06496998807217212,
        0.19885451945852725,
        0.21714385824000582,
        0.0662795492943297,
        0.22556475781379862
    ],
    "0.001": [
        0.13875895358146506,
        0.15040142586890687,
        0.07943921494991221,
        0.13956090237231963,
        0.13977852070585212,
        0.10175457203641851,
        0.12760360190208922,
        0.20132862253391998,
        0.08080131855416806,
        0.10314613301703271,
        0.06710907043294703,
        0.19643047413927445,
        0.2084195481969955,
        0.0986237698412956,
        0.21044165022829744
    ],
    "0.01": [
        0.13934642101855987,
        0.05256995140238011,
        0.07843218762823875,
        0.13710509969833048,
        0.14059272725531397,
        0.11125939957639004,
        0.11231959931393887,
        0.1745365690677724,
        0.07446605093935703,
        0.11903592576371863,
        0.09937424051000716,
        0.14330224990844725,
        0.16682625628532247,
        0.11107833943468459,
        0.17630609755820417
    ],
    "0.1": [
        0.13963348307508103,
        0.047645804222593915,
        0.06754624589960626,
        0.1564275011103204,
        0.13405172672677548,
        0.1532243546019209,
        0.08381434400030907,
        0.17487297869743185,
        0.05326117911237351,
        0.13377726331670234,
        0.10872965975010648,
        0.09705454035008207,
        0.14030208587646484,
        0.1271904316354305,
        0.047645804222593915
    ],
    "1.0": [
        0.07689773072587683,
        0.047645804222593915,
        0.13211454229151948,
        0.140012390055555,
        0.1415416047928181,
        0.04733613805567965,
        0.046091300375918125,
        0.047645804222593915,
        0.048915229959690824,
        0.047645804222593915,
        0.09945468496769033,
        0.056958434936848094,
        0.047645804222593915,
        0.12539329122989737,
        0.047645804222593915
    ],
    "10.0": [
        0.10967013176451339,
        0.047645804222593915,
        0.047203221726924816,
        0.1504631204808012,
        0.1322099117522544,
        0.04646709472575086,
        0.04447365720221337,
        0.047645804222593915,
        0.047645804222593915,
        0.047645804222593915,
        0.11355801034480967,
        0.16081954874890916,
        0.10803654143150816,
        0.12039455657309674,
        0.047645804222593915
    ],
    "100.0": [
        0.061253116485920356,
        0.047645804222593915,
        0.047407598191119255,
        0.13530350137264172,
        0.1321362393967649,
        0.04561619454241814,
        0.04518883481938788,
        0.047645804222593915,
        0.047645804222593915,
        0.047645804222593915,
        0.1091733141148344,
        0.13717164993286132,
        0.13477510289942965,
        0.04461265878474459,
        0.047645804222593915
    ],
    "1000.0": [
        0.06402468884244879,
        0.10355022511583693,
        0.047440161603562375,
        0.10673306241948553,
        0.12188815258918924,
        0.04669882185915683,
        0.044500795323798,
        0.047645804222593915,
        0.047645804222593915,
        0.047645804222593915,
        0.08412644609491876,
        0.016871070100906046,
        0.06533807592189059,
        0.07554839113925366,
        0.047645804222593915
    ],
    "10000.0": [
        0.0685000460198585,
        0.047645804222593915,
        0.04744626562646095,
        0.14568170790976667,
        0.11843590229115587,
        0.046701598167419436,
        0.044047461672032134,
        0.047645804222593915,
        0.047645804222593915,
        0.047645804222593915,
        0.07995896643780648,
        0.047645804222593915,
        0.06790195018687147,
        0.04064908027648926,
        0.1301346535378314
    ],
    "100000.0": [
        0.08660447749685733,
        0.047645804222593915,
        0.047303193680783534,
        0.1362077550685152,
        0.13534742923493082,
        0.04682581729077278,
        0.043836669211692,
        0.0434404286932438,
        0.047645804222593915,
        0.043690420211629666,
        0.09482776560681931,
        0.04736207089525588,
        0.05848084510640895,
        0.03237915901427573,
        0.13924879317587993
    ]
}