{
    "1e-06": [
        0.01183357400924569,
        0.013927806323190298,
        0.01131286175167396,
        0.011734982732758638,
        0.011485881177069151,
        0.013806437331229037,
        0.013245954523684494,
        0.012635896867190613,
        0.011637670454132696,
        0.010836012431842994
    ],
    "1e-05": [
        0.01197273343579802,
        0.014110704030798041,
        0.011396211468071285,
        0.011734982732758638,
        0.012010062538982071,
        0.014290824833382456,
        0.012941011840301416,
        0.013004454998863617,
        0.0116571695974352,
        0.010906049219632124
    ],
    "0.0001": [
        0.01804143640110774,
        0.01570311210867449,
        0.011462176137472187,
        0.01171863345106654,
        0.012733690543585198,
        0.015444632924451838,
        0.013386665571255334,
        0.015917041223183447,
        0.0116571695974352,
        0.0122502557022792
    ],
    "0.001": [
        0.08049599853256177,
        0.07898944850682452,
        0.013438794362050947,
        0.07658071649695304,
        0.09580893116220278,
        0.08676655006205998,
        0.07438158608901767,
        0.08072369663672291,
        0.011924836891490518,
        0.013074990413394163
    ],
    "0.01": [
        0.09719208120412959,
        0.0930824077091359,
        0.060315431114464337,
        0.09111438066115668,
        0.09259592638005612,
        0.09678195868237746,
        0.08843107152567913,
        0.0989898373546053,
        0.05361724431912526,
        0.056295149637966176
    ],
    "0.1": [
        0.07523361351994222,
        0.06991239055183565,
        0.10258407673850957,
        0.07497324117565256,
        0.08562021123742196,
        0.07873831899969282,
        0.07009163673068461,
        0.07516923796991233,
        0.09713670525870086,
        0.10850510308390343
    ],
    "1.0": [
        0.12814452670965895,
        0.12887399736296992,
        0.1089194254211361,
        0.14222720528257007,
        0.11561852028468717,
        0.12881763227181023,
        0.13707190745695239,
        0.12270132261432319,
        0.10782564915201996,
        0.1149305694288199
    ],
    "10.0": [
        0.1880695047084634,
        0.17105100917512123,
        0.06289889328538041,
        0.15607174296688198,
        0.16138082863040482,
        0.1674453621843036,
        0.1751296948423801,
        0.17876603778186437,
        0.07357706197643381,
        0.09644698691292093
    ],
    "100.0": [
        0.18498672663722104,
        0.18626431374950186,
        0.10878328815910185,
        0.17545259416926806,
        0.15661157330341724,
        0.16767635203573325,
        0.17477447801644694,
        0.17941906855032877,
        0.11050550438519112,
        0.11541582648736384
    ],
    "1000.0": [
        0.17115558295903627,
        0.18508917619014015,
        0.14590737872878753,
        0.16519847711771884,
        0.16628425103571665,
        0.16576334419209948,
        0.1744664645220344,
        0.17980997570009466,
        0.1312829644976463,
        0.13797005178064392
    ],
    "10000.0": [
        0.15254248721439959,
        0.15340918967625033,
        0.15688493426623937,
        0.15428571873339533,
        0.16794917788693045,
        0.14949350225304694,
        0.15390421657582526,
        0.15460440202929895,
        0.1373435333608694,
        0.17581069735487515
    ],
    "100000.0": [
        0.13571756425750117,
        0.1307609387842679,
        0.18654051242548653,
        0.12791949605587058,
        0.13998928738957891,
        0.1382723736332276,
        0.14150890711136757,
        0.1397913933813762,
        0.18165776478750167,
        0.18537333667848366
    ]
}