{
    "1e-06": [
        0.024422997039892216,
        0.012942295297426068,
        0.008961191146964094,
        0.012717360578611987,
        0.00792250091033838,
        0.008234759927682744,
        0.011752053604369211,
        0.007866868050521544,
        0.010969966681680059,
        0.01439796168036466
    ],
    "1e-05": [
        0.05008492416073741,
        0.06292859035901384,
        0.02172154599877904,
        0.08662762503061487,
        0.007890052673793878,
        0.00986757799365442,
        0.012022442062653594,
        0.009142502714799645,
        0.011625028968997513,
        0.018688154230715744
    ],
    "0.0001": [
        0.1199781332309897,
        0.12102628945037486,
        0.10838497214565622,
        0.11859911571020275,
        0.008561683435875855,
        0.06022299706745857,
        0.023957453371994557,
        0.021628153210111932,
        0.021669368926320903,
        0.07020705884878745
    ],
    "0.001": [
        0.10640784041661132,
        0.1016620331945632,
        0.09004324172179072,
        0.10757240206224887,
        0.031046189603085975,
        0.12592858293231313,
        0.07494023873372742,
        0.08748514789577248,
        0.10921301571139619,
        0.1217742101038934
    ],
    "0.01": [
        0.1021716428588478,
        0.09814547580309553,
        0.08983232001569143,
        0.0988155234455429,
        0.10729982868644561,
        0.10615277994705183,
        0.09875781489989457,
        0.08618128112728106,
        0.09241919782032496,
        0.1151684257353277
    ],
    "0.1": [
        0.10366268956572545,
        0.10565193038437748,
        0.08642768527445453,
        0.09606650373760876,
        0.09503650693660334,
        0.09909965669184002,
        0.09180033992884898,
        0.09510624025123914,
        0.09178039015669624,
        0.11393863673924638
    ],
    "1.0": [
        0.14591689690519974,
        0.14388052004936777,
        0.1417153392309337,
        0.1373952309814194,
        0.11079145847040842,
        0.1185941787379201,
        0.09724936344418338,
        0.11341432188319857,
        0.11523983654383012,
        0.11694112455426824
    ],
    "10.0": [
        0.04096879870047858,
        0.04696077362003792,
        0.03547551767605651,
        0.04612638926278012,
        0.04433281666414137,
        0.08027904125379831,
        0.04695583728624074,
        0.05225208764881941,
        0.06314381582197297,
        0.07544686854582411
    ],
    "100.0": [
        0.04093611568750914,
        0.047537407230241385,
        0.03404379924476209,
        0.045898477869003404,
        0.03945828355714188,
        0.029647429311186805,
        0.037252807779342534,
        0.05790286908367615,
        0.02501804661421416,
        0.022308308647492236
    ],
    "1000.0": [
        0.03894266451076544,
        0.04588730805105155,
        0.03658983252380404,
        0.04339625087478591,
        0.005730300096598998,
        0.017848011800003862,
        0.018856933458958624,
        0.01761362967658372,
        0.019112159805520813,
        0.014659336878820133
    ],
    "10000.0": [
        0.03972193881631784,
        0.045496021225399225,
        0.04458270645546989,
        0.04539470803598288,
        0.032126604053850004,
        0.016866461924108,
        0.045082420568030405,
        0.018590680989144837,
        0.01912135791069136,
        0.015490952986079753
    ],
    "100000.0": [
        0.038504966871137955,
        0.04786499553228413,
        0.04760286531843618,
        0.04709455653787545,
        0.008129423153641119,
        0.016122182304876897,
        0.018900060629616636,
        0.01660104005040322,
        0.01779808576378128,
        0.0220010149744948
    ]
}