{
    "1e-06": [
        0.011653064034570419,
        0.014063841387011923,
        0.01414651424801185,
        0.011276515024248014,
        0.00857632915727897,
        0.011794952125022313,
        0.011794952125022313,
        0.014665737334524026,
        0.011106666662234428,
        0.010447572065590547
    ],
    "1e-05": [
        0.01446683297881918,
        0.0328868992853114,
        0.0834076325014218,
        0.01653323906261027,
        0.00880744277354128,
        0.013869108266962195,
        0.013869108266962195,
        0.02889915069028751,
        0.01299711302413697,
        0.012307495883370056
    ],
    "0.0001": [
        0.05279803552739045,
        0.1064213597685827,
        0.115809797394415,
        0.05699769898758177,
        0.010923099335397847,
        0.03843828685732121,
        0.03843828685732121,
        0.10791262716846689,
        0.03268333195879913,
        0.039319069565419314
    ],
    "0.001": [
        0.13166018592437193,
        0.09129822766489483,
        0.10678572830054256,
        0.09103651397413197,
        0.058962840162352224,
        0.1210494539461531,
        0.1210494539461531,
        0.08223813972108296,
        0.12076332327409961,
        0.1324692531346515
    ],
    "0.01": [
        0.11224995952610256,
        0.0891272491552371,
        0.10210712234221407,
        0.08608301744450925,
        0.10210230779698501,
        0.09535395996223475,
        0.09535395996223475,
        0.08295595061639671,
        0.09699487862500832,
        0.10672344925299715
    ],
    "0.1": [
        0.11510377111647765,
        0.08785969522376877,
        0.11343785317367247,
        0.07318007839093425,
        0.11033946395047034,
        0.09381436095607647,
        0.09381436095607647,
        0.08323797179332575,
        0.09111175910065959,
        0.10571710357503859
    ],
    "1.0": [
        0.1242096813173527,
        0.1423754334728472,
        0.0476437932499917,
        0.13527900995787603,
        0.10577728725518482,
        0.11527635191249543,
        0.11527635191249543,
        0.13866809354451712,
        0.12268416871933323,
        0.11349883157565924
    ],
    "10.0": [
        0.06524456214448723,
        0.032965788810843485,
        0.05370174350191252,
        0.038452914437629465,
        0.04807956132067884,
        0.0837168559967268,
        0.0837168559967268,
        0.03710532271139933,
        0.0768411196506999,
        0.08782586968287145
    ],
    "100.0": [
        0.02206353505030195,
        0.03406728350014033,
        0.05024721799444062,
        0.03755205965700869,
        0.03824011832063941,
        0.05662830932487463,
        0.05662830932487463,
        0.03247676436249938,
        0.03207159207807211,
        0.02561470725204435
    ],
    "1000.0": [
        0.014551377466203809,
        0.03638443241463965,
        0.05043654291840086,
        0.04325572376170141,
        0.019054854734544418,
        0.01497785679022133,
        0.01497785679022133,
        0.03553500744285543,
        0.019408255299903632,
        0.014392081145652422
    ],
    "10000.0": [
        0.014125639627134383,
        0.03943076945516685,
        0.05064822983159016,
        0.05483363201210272,
        0.028247910820335686,
        0.015151980894278265,
        0.015151980894278265,
        0.041040245810173265,
        0.022317101661507813,
        0.01633298425694708
    ],
    "100000.0": [
        0.014252045491549969,
        0.04256039529247062,
        0.05036306094160495,
        0.04314025732966715,
        0.03486572182647227,
        0.016353837558237574,
        0.016353837558237574,
        0.040720608231871847,
        0.026939888271591238,
        0.0161852933851236
    ]
}