{
    "1e-06": [
        0.013454030854795742,
        0.011816824407303878,
        0.013922394398801765,
        0.010836521193274277,
        0.010836521193274277,
        0.012372413173112048,
        0.013374845482464424,
        0.012601179473585074,
        0.013901941581182855,
        0.013559888703916835,
        0.015371099668658883,
        0.011816824407303878,
        0.013178931792661563,
        0.014394060838235172,
        0.011412072257711833,
        0.012533434139174685,
        0.012945870410623256,
        0.011734982732758638,
        0.0152605231079361,
        0.011592901475117894,
        0.011506643102728979,
        0.015489368458990084,
        0.01203574587004091,
        0.012799673455427861,
        0.013123776783471913,
        0.012533497987720842,
        0.010728406348719986,
        0.010756830099918638,
        0.012206791057850172,
        0.011296028031806257,
        0.010568701878870965,
        0.01037192370002252,
        0.011885178836575224,
        0.011277256559236143,
        0.013922394398801765,
        0.012366755989228755,
        0.011230633945444818,
        0.012811500638501677,
        0.011234699983019125,
        0.009860886017397031,
        0.011033733136848993,
        0.011584514005784655,
        0.011503577359044464,
        0.01254190369949584,
        0.010728406348719986,
        0.011230109981978738,
        0.011583019139029394,
        0.01183357400924569,
        0.010776151886148484,
        0.013647482828430112
    ],
    "1e-05": [
        0.013454030854795742,
        0.011816824407303878,
        0.014331134548856145,
        0.010836521193274277,
        0.011024793326918048,
        0.012455845993966276,
        0.013374986354653564,
        0.012601179473585074,
        0.013901941581182855,
        0.01366613268472183,
        0.015371099668658883,
        0.011816824407303878,
        0.013572546931559678,
        0.014394060838235172,
        0.011573919200998564,
        0.012533434139174685,
        0.012945870410623256,
        0.011734982732758638,
        0.0152605231079361,
        0.01176441589906796,
        0.012135780326364904,
        0.015489368458990084,
        0.012047474746623025,
        0.01285500886209713,
        0.013501924358696285,
        0.012533497987720842,
        0.010728406348719986,
        0.010776151886148484,
        0.012265667525158678,
        0.01198855571361708,
        0.010568701878870965,
        0.01038623590905152,
        0.012017718283706973,
        0.011739507871783883,
        0.013922394398801765,
        0.012366755989228755,
        0.011252728582822048,
        0.012811500638501677,
        0.011343093531544734,
        0.009860886017397031,
        0.011035591838970448,
        0.011678473729002868,
        0.011759080998322409,
        0.01254190369949584,
        0.010728406348719986,
        0.011253991365179372,
        0.011583019139029394,
        0.01197273343579802,
        0.010958419216046551,
        0.013699638982888363
    ],
    "0.0001": [
        0.013855781109249427,
        0.012009651070573505,
        0.014322846399483594,
        0.010836521193274277,
        0.01525819314273587,
        0.013004454998863617,
        0.01343315035326448,
        0.012750525276921887,
        0.013843401585577906,
        0.013952681919466803,
        0.015538133546219116,
        0.012009651070573505,
        0.014778449355479128,
        0.014533866858000963,
        0.016063823963453107,
        0.013422470417083512,
        0.013781507007627255,
        0.01171863345106654,
        0.017640374292095966,
        0.014638906837649858,
        0.014642441817475175,
        0.016015706482906525,
        0.012138292715982726,
        0.012962908851226255,
        0.015807826764778682,
        0.012533497987720842,
        0.016965270169103056,
        0.010776151886148484,
        0.012265667525158678,
        0.015182181955270635,
        0.01056918226317062,
        0.01048622070539517,
        0.01637232797685516,
        0.017196221508711227,
        0.014255823668460664,
        0.012526069260048942,
        0.011576439698368279,
        0.01453933452318376,
        0.015092677441717588,
        0.009724448768542752,
        0.01106166940946508,
        0.01191877634695055,
        0.01372863230365749,
        0.012601179473585074,
        0.010606954252301824,
        0.011321587719648729,
        0.011904607037048664,
        0.01804143640110774,
        0.01456444524426516,
        0.013920592450943561
    ],
    "0.001": [
        0.014330061285199319,
        0.01234219152793114,
        0.08092213386430244,
        0.013022452181127955,
        0.08726935229570022,
        0.013237320781387507,
        0.014924493276857544,
        0.08258663100466591,
        0.014274175564870317,
        0.0808198464664212,
        0.01555463687519718,
        0.01234219152793114,
        0.08513724056491183,
        0.09070334196344065,
        0.08376749263686405,
        0.08062830893570254,
        0.08112056298413008,
        0.07658071649695304,
        0.07831490787258817,
        0.08218008400149857,
        0.07905863195372692,
        0.08159841766519577,
        0.013022215029385087,
        0.014048410146066663,
        0.08336111589648645,
        0.09955569357471689,
        0.07867192461944159,
        0.01326136736003296,
        0.013523449426503034,
        0.07727508058456761,
        0.011011940513229776,
        0.011230754548254226,
        0.0804658944497833,
        0.08841758833428118,
        0.014298265722682195,
        0.012774707660411546,
        0.012259600899804792,
        0.07797767404035351,
        0.08380602878161116,
        0.010102225414118022,
        0.01106166940946508,
        0.012358306698287332,
        0.07946093860265425,
        0.012601179473585074,
        0.011384810955440833,
        0.01275504129472625,
        0.08329318915112746,
        0.08049599853256177,
        0.08429429381610737,
        0.013918729694946159
    ],
    "0.01": [
        0.061356632666430745,
        0.0596376635949746,
        0.09262449809772683,
        0.06211573715291038,
        0.10567681112907645,
        0.057309465884655617,
        0.06344667732652265,
        0.08476320564683515,
        0.06938265436640709,
        0.09212349578500681,
        0.06287400654094505,
        0.0596376635949746,
        0.09990906183321849,
        0.09435443290361815,
        0.10172351184484175,
        0.10288904982596224,
        0.09734823650558748,
        0.09111438066115668,
        0.09578671592201614,
        0.10258561721136922,
        0.08257943132098498,
        0.10473169049091724,
        0.06240937965709269,
        0.06405711807429347,
        0.10853425855971041,
        0.1016417775980091,
        0.08828591844353995,
        0.058320826855780085,
        0.05589936972931265,
        0.09216087252123323,
        0.0572245331297012,
        0.054007490687111866,
        0.09808082053562533,
        0.09556212308683,
        0.06449925810827078,
        0.05738262212998555,
        0.06985341476456645,
        0.09120620905909604,
        0.10667932654288573,
        0.05669765492681489,
        0.048605283439222734,
        0.05447809703798527,
        0.09464310940976604,
        0.06209815143905461,
        0.06102543100160443,
        0.06641705763327328,
        0.09808390958909655,
        0.09719208120412959,
        0.10764444089721291,
        0.061297012312886055
    ],