{
    "1e-06": [
        0.15326030406546085,
        0.1259459211471233,
        0.12973256009690304,
        0.14736339082109168,
        0.013893723868309183
    ],
    "1e-05": [
        0.1449290377028445,
        0.19470171826951047,
        0.15064996962851665,
        0.1284912332575372,
        0.0264941672061352
    ],
    "0.0001": [
        0.13902447883118974,
        0.19956125908709588,
        0.22871195204714512,
        0.07763289593635721,
        0.07542093662505454
    ],
    "0.001": [
        0.139784581610497,
        0.19914599682422393,
        0.20439745720396651,
        0.07414382873697484,
        0.08757447892046989
    ],
    "0.01": [
        0.13913990791807784,
        0.14588553043121988,
        0.1633756881064557,
        0.10580572270332499,
        0.11840289095614819
    ],
    "0.1": [
        0.07659176765604223,
        0.047645804222593915,
        0.1220783051024092,
        0.032859882902591786,
        0.08288153790413065
    ],
    "1.0": [
        0.11525583673030772,
        0.047645804222593915,
        0.051492808220234325,
        0.04435940803365505,
        0.11027221882596928
    ],
    "10.0": [
        0.14235996895648065,
        0.056901330136238264,
        0.047645804222593915,
        0.0458310751204795,
        0.07607583289450788
    ],
    "100.0": [
        0.14309820418662214,
        0.047645804222593915,
        0.047645804222593915,
        0.04534234087517921,
        0.07759329816128345
    ],
    "1000.0": [
        0.15953660518565077,
        0.047645804222593915,
        0.10695848464965821,
        0.046138617840219054,
        0.07071054133963077
    ],
    "10000.0": [
        0.047645804222593915,
        0.047645804222593915,
        0.0907474659858866,
        0.04638595276690544,
        0.09539396001937542
    ],
    "100000.0": [
        0.047645804222593915,
        0.047645804222593915,
        0.07949356931321164,
        0.04232502288006722,
        0.059886025367899144
    ]
}