{
    "1e-06": [
        0.10254042199317445,
        0.1285781129877618,
        0.010171618486972565,
        0.013118871222151086,
        0.04387378895536382
    ],
    "1e-05": [
        0.15431700564445333,
        0.23764673598269198,
        0.013898545884071512,
        0.02402262586228391,
        0.04968853808463888
    ],
    "0.0001": [
        0.19242362976074218,
        0.23522077519842918,
        0.05799273024214075,
        0.09228209941945177,
        0.0906963936826016
    ],
    "0.001": [
        0.20188726262843354,
        0.2211407925220246,
        0.06021457124263682,
        0.10128231961676415,
        0.10982836865364237
    ],
    "0.01": [
        0.21122845183027553,
        0.16988329177207134,
        0.054575425005973656,
        0.1212320774159533,
        0.13046382538815762
    ],
    "0.1": [
        0.2074882060923475,
        0.047645804222593915,
        0.0637505977711779,
        0.10312287452373099,
        0.07279442421933438
    ],
    "1.0": [
        0.20564800018959858,
        0.047645804222593915,
        0.04738164658242083,
        0.1045294315256971,
        0.047645804222593915
    ],
    "10.0": [
        0.2066955972225108,
        0.047645804222593915,
        0.0463363434406037,
        0.08641015316577667,
        0.047645804222593915
    ],
    "100.0": [
        0.20635116658312208,
        0.047645804222593915,
        0.04583033247196928,
        0.0870306319378792,
        0.047645804222593915
    ],
    "1000.0": [
        0.2034797282929116,
        0.047645804222593915,
        0.04795027184993663,
        0.08815997712155606,
        0.047645804222593915
    ],
    "10000.0": [
        0.16109499018243018,
        0.047645804222593915,
        0.047264274637749855,
        0.08860839579967743,
        0.047645804222593915
    ],
    "100000.0": [
        0.15750653895925967,
        0.047645804222593915,
        0.04632467462661419,
        0.06831159185855946,
        0.047645804222593915
    ]
}