{
    "1e-06": [
        0.010879395998753092,
        0.011224683869024392,
        0.011833528403141294,
        0.012904815795444403,
        0.008419416409369863,
        0.014136880921253363,
        0.00939064350188982,
        0.013538634232329512,
        0.01381527579426132,
        0.014075514360644739
    ],
    "1e-05": [
        0.011536030662933901,
        0.012240113918130126,
        0.013907231889292994,
        0.013239605140483342,
        0.03858516826893141,
        0.017847484787262967,
        0.010368452568743358,
        0.013558609706055725,
        0.015937175811540562,
        0.01507522854617501
    ],
    "0.0001": [
        0.0231187842730888,
        0.03542014921636308,
        0.03895733029632082,
        0.015514744708945977,
        0.11485355389358894,
        0.059946787851396455,
        0.02354992208774741,
        0.015778412854380107,
        0.04970126501685375,
        0.04765167398483163
    ],
    "0.001": [
        0.10905167907001362,
        0.11963063320115319,
        0.12125177819214515,
        0.053032963232836995,
        0.1180165176310524,
        0.13141012647833505,
        0.11196818336543571,
        0.030738871105165714,
        0.13319688851724396,
        0.1222716604105091
    ],
    "0.01": [
        0.1253882234838893,
        0.1327262010888516,
        0.12536107062279989,
        0.1307804217120666,
        0.11529663442678584,
        0.13378375192251013,
        0.12617576996400937,
        0.1233770550880878,
        0.13479443184247558,
        0.12613701490996115
    ],
    "0.1": [
        0.13273557365003985,
        0.1390775544737148,
        0.1332766769036223,
        0.14049791909683015,
        0.12832177027379035,
        0.14818012752391074,
        0.14475870487160433,
        0.13337529148989605,
        0.13710947877922422,
        0.1347285644660974
    ],
    "1.0": [
        0.14033200206209318,
        0.15359433829847735,
        0.15203724454743955,
        0.15186617098249866,
        0.15213894818718451,
        0.15191137980705366,
        0.1719956919946782,
        0.13904021016849594,
        0.15150245723258168,
        0.15686041642451515
    ],
    "10.0": [
        0.09906581509759398,
        0.10872658254236268,
        0.1096241755389255,
        0.05940325227224611,
        0.06432105782941601,
        0.10837873566290017,
        0.08950772422279739,
        0.07582244710891838,
        0.11104771840078291,
        0.0971570719314559
    ],
    "100.0": [
        0.08545694543755397,
        0.07477734167441552,
        0.07083720937925495,
        0.06547145863775239,
        0.06147521664561678,
        0.08574575166773213,
        0.06857304669338636,
        0.0719211022988136,
        0.07979064033338037,
        0.0704469589573924
    ],
    "1000.0": [
        0.0654197068574198,
        0.059283334567873686,
        0.05837840405584775,
        0.06890036474505595,
        0.063273163328262,
        0.06749782501447721,
        0.07077553371060541,
        0.05138392757533334,
        0.07829516549672888,
        0.05968140897031292
    ],
    "10000.0": [
        0.06906031447439974,
        0.06839465182848616,
        0.06529513530346083,
        0.06874816602652181,
        0.05499188932931639,
        0.06773363897828316,
        0.0685782843011092,
        0.046508302597386426,
        0.08769646055766804,
        0.0632400634311591
    ],
    "100000.0": [
        0.0734270118121513,
        0.07809777416914353,
        0.06339233106558431,
        0.06547805024004134,
        0.04449631531864373,
        0.07001116729314726,
        0.07397806327730638,
        0.05436860184867121,
        0.08385354831545563,
        0.06347215188297024
    ]
}