{
    "1e-06": [
        0.01228463155683625,
        0.011464508129610392,
        0.014164105738640844,
        0.011239376128923374,
        0.011462071750166565
    ],
    "1e-05": [
        0.012591652865110877,
        0.011503577359044464,
        0.014352146801355667,
        0.011239376128923374,
        0.011583019139029394
    ],
    "0.0001": [
        0.015943926528460415,
        0.011740758492513367,
        0.014352146801355667,
        0.011281551640801425,
        0.011583019139029394
    ],
    "0.001": [
        0.07105878613073692,
        0.01176114746158612,
        0.01431700071036879,
        0.01130595698746814,
        0.012084088340702523
    ],
    "0.01": [
        0.08957766169062584,
        0.06232233077889421,
        0.07043853500317565,
        0.03388862934173357,
        0.05876233448510976
    ],
    "0.1": [
        0.07241820478287311,
        0.09628582102079321,
        0.08803480515191203,
        0.15104140181343817,
        0.09669227883868972
    ],
    "1.0": [
        0.1003593420500963,
        0.10306707173427537,
        0.10596860101195121,
        0.14251404132903825,
        0.11172431840400007
    ],
    "10.0": [
        0.15107718943029358,
        0.08778866191219448,
        0.0909168028552778,
        0.1363653979570022,
        0.08757703337228513
    ],
    "100.0": [
        0.14673942865904788,
        0.12012053600153177,
        0.10892142803585364,
        0.13844831184930426,
        0.1246731359824364
    ],
    "1000.0": [
        0.161223911200269,
        0.14101290728156549,
        0.15154899572844713,
        0.14102325277298086,
        0.14954394868532478
    ],
    "10000.0": [
        0.15382159858403627,
        0.13808777633812933,
        0.11381281853735636,
        0.10317961543830118,
        0.16055168127532213
    ],
    "100000.0": [
        0.12303990233337207,
        0.1498050507272848,
        0.11766328720433299,
        0.061013236942757454,
        0.16336004437599627
    ]
}