{
    "1e-06": [
        0.008672665661953865
    ],
    "1e-05": [
        0.018625681197389644
    ],
    "0.0001": [
        0.033261415298948896
    ],
    "0.001": [
        0.09064212961399809
    ],
    "0.01": [
        0.14099848321143618
    ],
    "0.1": [
        0.14034607664067694
    ],
    "1.0": [
        0.10327981989434425
    ],
    "10.0": [
        0.09919877458125986
    ],
    "100.0": [
        0.08558438585159626
    ],
    "1000.0": [
        0.06614458205852103
    ],
    "10000.0": [
        0.06214211342182565
    ],
    "100000.0": [
        0.07066058605275255
    ]
}