{
    "1e-06": [
        0.09447516887745959
    ],
    "1e-05": [
        0.15750298804425178
    ],
    "0.0001": [
        0.1793827422121738
    ],
    "0.001": [
        0.19076275521136346
    ],
    "0.01": [
        0.1526660959771339
    ],
    "0.1": [
        0.10863068560336499
    ],
    "1.0": [
        0.05483372668002514
    ],
    "10.0": [
        0.04930952254762041
    ],
    "100.0": [
        0.04909745125060386
    ],
    "1000.0": [
        0.04909745125060386
    ],
    "10000.0": [
        0.04909745125060386
    ],
    "100000.0": [
        0.04909745125060386
    ]
}