{
    "1e-06": [
        0.06459914978514326,
        0.01818316287182747,
        0.14291719477227394,
        0.13314332962036132,
        0.15163710573886302,
        0.11001149441333527,
        0.008162759720010961,
        0.010033396964377545,
        0.007550688626918387,
        0.034989571064076526
    ],
    "1e-05": [
        0.07394424600804106,
        0.02325829952321154,
        0.1389540712884132,
        0.14069366657987553,
        0.13956355642765125,
        0.03104198486246961,
        0.008162759720010961,
        0.015406792721849806,
        0.014654296509763028,
        0.04719644404472189
    ],
    "0.0001": [
        0.09762770673061939,
        0.05507338503573803,
        0.1393880641206782,
        0.1399882580371613,
        0.13455873651707426,
        0.13919594135690241,
        0.00815314675899262,
        0.03813618852737102,
        0.06368867082798735,
        0.045062540947122774
    ],
    "0.001": [
        0.11990523642682015,
        0.09851847608038719,
        0.14302253114416244,
        0.13971641824600545,
        0.13994567546438663,
        0.13984776760669465,
        0.1391220417428524,
        0.07500938354654516,
        0.12157521755137342,
        0.055788947673554114
    ],
    "0.01": [
        0.1352688342966932,
        0.08938647939803752,
        0.14171721275816573,
        0.1402910678944689,
        0.07284910628136168,
        0.15208029036826276,
        0.13933485923929417,
        0.12776043668706366,
        0.1544760602585813,
        0.05376677462395201
    ],
    "0.1": [
        0.06618411185893606,
        0.1350131501542761,
        0.0631201500588275,
        0.14058247424186543,
        0.053756897500220766,
        0.116475318340545,
        0.13929524928965467,
        0.10910450346926426,
        0.14155998229980468,
        0.05702627313897965
    ],
    "1.0": [
        0.047645804222593915,
        0.1373875394780585,
        0.047645804222593915,
        0.14128639140027635,
        0.047859744315451765,
        0.13237505567834731,
        0.14246901654182598,
        0.10918040174119016,
        0.13715715814144053,
        0.05352699147894027
    ],
    "10.0": [
        0.15949613084184364,
        0.047910521892791096,
        0.047645804222593915,
        0.09788686163881992,
        0.047645804222593915,
        0.14562683511287608,
        0.06695815755965862,
        0.08013178236941074,
        0.09641141282751205,
        0.047645804222593915
    ],
    "100.0": [
        0.16769290477671522,
        0.04764948550690996,
        0.16074065553381087,
        0.1410384401361993,
        0.047645804222593915,
        0.14640341413782,
        0.07926570100987211,
        0.07613180343140948,
        0.07148328334727186,
        0.047645804222593915
    ],
    "1000.0": [
        0.06761859731471286,
        0.04806376315177755,
        0.09915157074623919,
        0.15602435051126684,
        0.0973764216646235,
        0.1264337661418509,
        0.08218978922417823,
        0.07252993888043342,
        0.08107907924246281,
        0.047645804222593915
    ],
    "10000.0": [
        0.09792359940549161,
        0.04842059155727955,
        0.11535971215430726,
        0.11701125286995097,
        0.047645804222593915,
        0.12526846540735123,
        0.09327489873196217,
        0.07094659298024279,
        0.12103461813419424,
        0.047645804222593915
    ],
    "100000.0": [
        0.047645804222593915,
        0.04834957883713093,
        0.0434404286932438,
        0.12579058180464076,
        0.043455102088603564,
        0.13197595920968563,
        0.0745592289782585,
        0.08326795253347843,
        0.06476910165015687,
        0.047645804222593915
    ]
}