{
    "1e-06": [
        0.013069383902960198,
        0.012311825970154133,
        0.01188156987351388,
        0.013284972066200247,
        0.012064968234801014,
        0.011234699983019125,
        0.013904557344637313,
        0.011296028031806257,
        0.013581025613101712,
        0.01192526761580983
    ],
    "1e-05": [
        0.013103610777576215,
        0.012362110247394104,
        0.012015656887788195,
        0.013444526542639251,
        0.012107261309081511,
        0.011234699983019125,
        0.014022375141269468,
        0.01198855571361708,
        0.013654372390601131,
        0.01192526761580983
    ],
    "0.0001": [
        0.013235975908042267,
        0.012362110247394104,
        0.013690216761719788,
        0.013654372390601131,
        0.012242581715112538,
        0.011220300615657276,
        0.01686643464659023,
        0.015182181955270635,
        0.013667739033065618,
        0.01192526761580983
    ],
    "0.001": [
        0.013174788731444275,
        0.012603928001476779,
        0.08849265800905785,
        0.01364028517168716,
        0.012837735296689235,
        0.012496360430175261,
        0.08146516676283541,
        0.07727508058456761,
        0.08135684719754582,
        0.07465197150689509
    ],
    "0.01": [
        0.0530903174697276,
        0.05893611198530694,
        0.10301699015083272,
        0.053807460286285365,
        0.06836538284415267,
        0.059238673016571465,
        0.09319984038755313,
        0.09216087252123323,
        0.10368733096958854,
        0.0852955930671327
    ],
    "0.1": [
        0.09608694597461145,
        0.09493736404921625,
        0.08103508295592289,
        0.09536244537321084,
        0.11918730132764761,
        0.10595352870118226,
        0.07499336461585082,
        0.07538698786250084,
        0.07180828293122343,
        0.0780766940142219
    ],
    "1.0": [
        0.11038247735796776,
        0.09879023261075319,
        0.1302944754946118,
        0.10304761312973233,
        0.1382004416584335,
        0.11443147243779474,
        0.12581636953809944,
        0.11446540337946666,
        0.15361718594331164,
        0.1124643858890351
    ],
    "10.0": [
        0.09270054070273064,
        0.11687878923892468,
        0.17822836410733262,
        0.1039915257128595,
        0.1482347575561653,
        0.08314661721240701,
        0.1632016837660235,
        0.16347483392729642,
        0.19508559645552437,
        0.14954299197060142
    ],
    "100.0": [
        0.11852467908869388,
        0.1224995125619562,
        0.1856800691480971,
        0.13337897240925545,
        0.12571919002391074,
        0.11161117472633418,
        0.17141733362114772,
        0.18420781491286697,
        0.1887228760025073,
        0.15646290956470843
    ],
    "1000.0": [
        0.1407858740130596,
        0.15728523019269727,
        0.1923393225188463,
        0.15903522357677172,
        0.07772165555883037,
        0.13109258637544832,
        0.1580258571126129,
        0.17702530345045164,
        0.17512364645946799,
        0.15800369051893765
    ],
    "10000.0": [
        0.17828743718762455,
        0.14643783650413456,
        0.15959036134888085,
        0.19132003216637056,
        0.0921284252981577,
        0.17962289743291712,
        0.14387445723465728,
        0.1577361671374784,
        0.155708937285177,
        0.15044549826481138
    ],
    "100000.0": [
        0.1820296673668305,
        0.15591944695532511,
        0.13969562461601687,
        0.18559349457338437,
        0.09554422117065041,
        0.18887098841408742,
        0.12976334477585763,
        0.14156091023200884,
        0.1393586502318428,
        0.13683733397918604
    ]
}