{
    "1e-06": [
        0.040934181213378905,
        0.07408711656611017,
        0.008725103038422605,
        0.13441744662345723,
        0.06923928362257938,
        0.008468101252900793,
        0.014583417329382389,
        0.012878795380287982,
        0.15491334428178502,
        0.11875086642326192,
        0.02157943806749709,
        0.10046202476988447,
        0.14348519710784263,
        0.1534744749677942,
        0.009161742063278848
    ],
    "1e-05": [
        0.034283591331319606,
        0.15366249896110373,
        0.015283963528085262,
        0.17804188423968376,
        0.14992375069476188,
        0.0383969727982866,
        0.015738801499630542,
        0.012878795380287982,
        0.13411816941930893,
        0.13898596459246695,
        0.1212226725639181,
        0.12933836186185796,
        0.20581543902133373,
        0.15932715598573077,
        0.014967015195400156
    ],
    "0.0001": [
        0.0662467489851282,
        0.13460032686274104,
        0.03633094341196912,
        0.23064133664394948,
        0.13630141603185775,
        0.110630779063448,
        0.03824782320793639,
        0.01286695231782629,
        0.13908331647832342,
        0.13912496160953602,
        0.09265073106644002,
        0.13937918480406417,
        0.22386716477414395,
        0.11610770529889046,
        0.08159230110493113
    ],
    "0.001": [
        0.10597637257677443,
        0.10116794667345412,
        0.08166699206575434,
        0.20642767967061793,
        0.1751749890915891,
        0.1168563335499865,
        0.07085534663910562,
        0.13934642101855987,
        0.13900026361993018,
        0.13992684344027906,
        0.09940097687092234,
        0.1400290550069606,
        0.21311424742353724,
        0.09697995287306765,
        0.13906837016978163
    ],
    "0.01": [
        0.08711466586336176,
        0.08820228475205441,
        0.11404907348308158,
        0.15412009421815265,
        0.13703097891300284,
        0.12860744963300988,
        0.07627584274778974,
        0.13934642101855987,
        0.14208002090454103,
        0.13228163008994245,
        0.15531181173121675,
        0.12472120650271151,
        0.17408666001989487,
        0.12253413301833133,
        0.13934642101855987
    ],
    "0.1": [
        0.06501363490490203,
        0.09989974650930851,
        0.09000316274927017,
        0.08224318585497267,
        0.13964776181160135,
        0.1389668586406302,
        0.08296932666859728,
        0.1398252933583361,
        0.1475993237596877,
        0.05742165484326951,
        0.047645804222593915,
        0.15270371741436897,
        0.13878348330233958,
        0.1329513245440544,
        0.13934642101855987
    ],
    "1.0": [
        0.047645804222593915,
        0.04774722647159658,
        0.08188857829317134,
        0.047645804222593915,
        0.047645804222593915,
        0.13935533482977686,
        0.07326794888110871,
        0.1030290258691666,
        0.056362356023585546,
        0.047645804222593915,
        0.047645804222593915,
        0.11299768508748806,
        0.07933378726878065,
        0.047645804222593915,
        0.13875895358146506
    ],
    "10.0": [
        0.047645804222593915,
        0.04600394076489388,
        0.08403592819863177,
        0.17630259534145923,
        0.047645804222593915,
        0.13076035722773127,
        0.05552140398228422,
        0.09662623912730116,
        0.047645804222593915,
        0.14281959533691407,
        0.047645804222593915,
        0.13839146025637364,
        0.14021155580561212,
        0.047645804222593915,
        0.07356900864459098
    ],
    "100.0": [
        0.047645804222593915,
        0.044243266734671084,
        0.06868234999636386,
        0.0793801652624252,
        0.047645804222593915,
        0.1363150008181308,
        0.060619148294976416,
        0.09432315724961302,
        0.047645804222593915,
        0.14945099810336498,
        0.047645804222593915,
        0.11192949984936004,
        0.08244963706807887,
        0.047645804222593915,
        0.0540443887101843
    ],
    "1000.0": [
        0.047645804222593915,
        0.04450058328344467,
        0.06946672074338223,
        0.047645804222593915,
        0.047645804222593915,
        0.10630758265231519,
        0.05113556638677069,
        0.057464413947247446,
        0.047645804222593915,
        0.15306893409566677,
        0.047645804222593915,
        0.11782055306941905,
        0.049591855292624616,
        0.047645804222593915,
        0.02675642155586405
    ],
    "10000.0": [
        0.047645804222593915,
        0.04526210795057581,
        0.08028477709344092,
        0.047645804222593915,
        0.06894794119165298,
        0.11609395006869702,
        0.05138071952982152,
        0.10219608063393451,
        0.0648857481936191,
        0.16208462207875354,
        0.047645804222593915,
        0.13758271805783537,
        0.12784707089687916,
        0.047645804222593915,
        0.04408433944620985
    ],
    "100000.0": [
        0.047645804222593915,
        0.044903160663361245,
        0.0790049765972381,
        0.047645804222593915,
        0.0914178858412073,
        0.07785121329287265,
        0.04975528615586301,
        0.0711778701619899,
        0.047645804222593915,
        0.047645804222593915,
        0.006778036406699647,
        0.11006236583628554,
        0.14488183082418238,
        0.047645804222593915,
        0.07925832728122142
    ]
}
