{
    "1e-06": [
        0.011459443825084268,
        0.01338615478288608,
        0.011503577359044464,
        0.011450482732304604,
        0.011264452392059228,
        0.013511964795946695,
        0.013809609489157146,
        0.01076595942855008,
        0.012496639134146581,
        0.010568701878870965
    ],
    "1e-05": [
        0.011459443825084268,
        0.013455792263894482,
        0.011759080998322409,
        0.01145408460108304,
        0.011264452392059228,
        0.013511964795946695,
        0.013809609489157146,
        0.010784125860135182,
        0.012496639134146581,
        0.010568701878870965
    ],
    "0.0001": [
        0.014315895015704391,
        0.013465652303665275,
        0.01372863230365749,
        0.01145408460108304,
        0.011264452392059228,
        0.013559888703916835,
        0.013809609489157146,
        0.010906113068178281,
        0.012477879823204308,
        0.01056918226317062
    ],
    "0.001": [
        0.07722288287788091,
        0.014618250312764636,
        0.07946093860265425,
        0.012829897127546742,
        0.07416990890259698,
        0.014031664598000797,
        0.014145193393881593,
        0.01137948314897819,
        0.01288679023604844,
        0.011011940513229776
    ],
    "0.01": [
        0.08683611457330134,
        0.06771841667410418,
        0.09464310940976604,
        0.062184365218808116,
        0.08401904374709418,
        0.05926323950480705,
        0.054482369823232846,
        0.058663626659689244,
        0.06167304984568029,
        0.0572245331297012
    ],
    "0.1": [
        0.07527854668093285,
        0.10749424479339632,
        0.07985105119273463,
        0.09609188359551425,
        0.06957346219945537,
        0.09285085031507373,
        0.09235752604339632,
        0.09998953127075584,
        0.0993404570852152,
        0.08536881417447778
    ],
    "1.0": [
        0.1353088605923303,
        0.10778459960418604,
        0.13724862401721075,
        0.09687498702759698,
        0.12097151753246214,
        0.09206479566130198,
        0.10738266591184578,
        0.10136181692514612,
        0.1080864836381675,
        0.10688454185104776
    ],
    "10.0": [
        0.1763498304247476,
        0.09126440650218351,
        0.1779909042698924,
        0.08593166241863709,
        0.1591600667404191,
        0.0828413279226305,
        0.0976813840308681,
        0.07911215933172407,
        0.09375266745037278,
        0.11936315846620534
    ],
    "100.0": [
        0.15987106793491798,
        0.12909455253771338,
        0.19224133222946832,
        0.121666011344107,
        0.1728805720362729,
        0.1304183619435358,
        0.11793590225398097,
        0.14275083633082325,
        0.11882812791879069,
        0.12987481014888166
    ],
    "1000.0": [
        0.16723879288157545,
        0.14847946572379783,
        0.17131520837830433,
        0.15761041590561903,
        0.16843539976794966,
        0.14283552990709683,
        0.14044114861807586,
        0.1551436972542093,
        0.13934220771100392,
        0.1390506205219265
    ],
    "10000.0": [
        0.14381611385203574,
        0.1697169758941618,
        0.1469606243461909,
        0.14257864389612115,
        0.14866844120491832,
        0.15364561172144825,
        0.18046311997708556,
        0.16595796266853746,
        0.16719856221668272,
        0.12746118916461877
    ],
    "100000.0": [
        0.13230788973768765,
        0.17868423056526467,
        0.1367887361143398,
        0.12968632924062667,
        0.1301436956326589,
        0.1696096941211145,
        0.1732082549367777,
        0.14948132440970377,
        0.17529178501822362,
        0.12622179767150554
    ]
}