{
    "1e-06": [
        0.013594884801493694,
        0.017346164245281157,
        0.010714658641916532,
        0.010912361104480772,
        0.02868616669641671,
        0.01107361212800337,
        0.015070957787865406,
        0.013764076354526434,
        0.012748814541272479,
        0.012333844597357365
    ],
    "1e-05": [
        0.0418312770020569,
        0.081187889755849,
        0.01117271926020461,
        0.05332529228121264,
        0.07612326091964998,
        0.0122514749054701,
        0.022611549126101096,
        0.013818625309262087,
        0.013792441324523862,
        0.012719177667696849
    ],
    "0.0001": [
        0.13174926563226455,
        0.1292939140490087,
        0.01119342443160119,
        0.12317526125122459,
        0.13465036519909007,
        0.04055347503435092,
        0.10475077613887321,
        0.01520721058536412,
        0.03318209957240365,
        0.018286438474746362
    ],
    "0.001": [
        0.1307705626857648,
        0.1313141306959227,
        0.03253733263005612,
        0.12171110666013549,
        0.13566757185932934,
        0.13153755601483627,
        0.12921938759360885,
        0.022979489041692266,
        0.13403563545056787,
        0.06921296722703989
    ],
    "0.01": [
        0.12928870076454155,
        0.12953281706628586,
        0.11668999212834584,
        0.1227281511653369,
        0.13734920878719448,
        0.13590276963399142,
        0.12458799647980871,
        0.13433129273109556,
        0.1351756664442332,
        0.10804162344694392
    ],
    "0.1": [
        0.13248543328863907,
        0.13203306937952478,
        0.12148820023734308,
        0.13848721284288656,
        0.1355832998861542,
        0.13884105135099795,
        0.1224562495978555,
        0.14138309101749302,
        0.1454937050117063,
        0.12612045888059578
    ],
    "1.0": [
        0.13688743988588437,
        0.13996300205794202,
        0.14458383687877757,
        0.15396752190260526,
        0.10437491697662062,
        0.15151877002939027,
        0.1569158734474628,
        0.1664472492797722,
        0.1616400334584219,
        0.12771128087950817
    ],
    "10.0": [
        0.0676880409816373,
        0.07994043104960231,
        0.05692633001507912,
        0.08145410778925345,
        0.07166366496070918,
        0.0705840610419019,
        0.0584938827660588,
        0.045475731747310046,
        0.10187302689749933,
        0.0633421116503595
    ],
    "100.0": [
        0.07441497381131276,
        0.07531961244427056,
        0.0648278855618711,
        0.082157787683793,
        0.07274981994304597,
        0.06874716877303899,
        0.05790457081972096,
        0.037080503295509264,
        0.06757359600979261,
        0.04953598038676441
    ],
    "1000.0": [
        0.0706941886358636,
        0.08102674818697696,
        0.04912134184720792,
        0.08409747813890642,
        0.08119112474885427,
        0.06707473008969639,
        0.07493275917045115,
        0.037080503295509264,
        0.06664771506687533,
        0.05234997432112821
    ],
    "10000.0": [
        0.06404145795151227,
        0.08482145984418588,
        0.041993075298832276,
        0.08756875535760245,
        0.0783345043089134,
        0.07159961372075502,
        0.05832348214452502,
        0.037080503295509264,
        0.054644861332795065,
        0.043102791408169916
    ],
    "100000.0": [
        0.06337165224438139,
        0.07495467442381774,
        0.05463107410070113,
        0.08644262105068162,
        0.06404979677433416,
        0.06646705408532105,
        0.04969665981377856,
        0.037080503295509264,
        0.07455999716942166,
        0.04643487068849213
    ]
}