{
    "1e-06": [
        0.1554594080498878,
        0.06429294018035239,
        0.13767917511310984,
        0.04285475954096368,
        0.11497680582898728,
        0.11214413947247444,
        0.0818531482777697,
        0.10333955440115421,
        0.01200968585115798,
        0.019012055244851618,
        0.1450943926547436,
        0.10876265992509558,
        0.012938446947868835,
        0.15042204146689556,
        0.12348881376550552
    ],
    "1e-05": [
        0.18589768511183719,
        0.13410889848749688,
        0.13374241362226771,
        0.03061232516106139,
        0.13851271690206324,
        0.13829064470656374,
        0.1736989102465041,
        0.18357264944847593,
        0.01607094648036551,
        0.06917877501629768,
        0.19308497449184986,
        0.21539338903224214,
        0.025993145780360445,
        0.15158950724500292,
        0.1592195916683116
    ],
    "0.0001": [
        0.2093363883647513,
        0.11149808599593791,
        0.11883477758853994,
        0.04740144800632558,
        0.13790677050326733,
        0.13913990791807784,
        0.18719471464765833,
        0.18162136483699717,
        0.020503520204665813,
        0.12543909600440492,
        0.20179230913202814,
        0.22378062390266582,
        0.14016834015541887,
        0.1454593171464636,
        0.13971750178235642
    ],
    "0.001": [
        0.20219268393009268,
        0.09334545034043332,
        0.13429846053427838,
        0.10297955046308802,
        0.13928299153104742,
        0.13931991293075238,
        0.1903841972351074,
        0.1781838924326795,
        0.029113365741486246,
        0.13314704286291243,
        0.18283875445102124,
        0.21198982482260845,
        0.13933147471001808,
        0.13403939592077377,
        0.13455493805256297
    ],
    "0.01": [
        0.18632498802022732,
        0.09810443127408941,
        0.15682495401260702,
        0.06166934053948585,
        0.14358132747893637,
        0.14563671071478662,
        0.14329994282823927,
        0.1765459588233461,
        0.03495867962532855,
        0.14097896738255278,
        0.1694662662262612,
        0.16365739944133353,
        0.13934642101855987,
        0.1466379571468272,
        0.1260784960807638
    ],
    "0.1": [
        0.07396384807343179,
        0.13799697388993934,
        0.06616999240631753,
        0.0866459958096768,
        0.05798664295927007,
        0.08209195948661642,
        0.05153785512802449,
        0.15008968190943942,
        0.08560279582409148,
        0.13836656124033828,
        0.08068117080850803,
        0.047645804222593915,
        0.13934642101855987,
        0.1428430476087205,
        0.047645804222593915
    ],
    "1.0": [
        0.04765016474622361,
        0.050601884152026884,
        0.047309846066414044,
        0.047645804222593915,
        0.05729497037035353,
        0.047645804222593915,
        0.047645804222593915,
        0.04862379317587995,
        0.1396313707879249,
        0.12327311292607733,
        0.047645804222593915,
        0.047645804222593915,
        0.13875895358146506,
        0.047645804222593915,
        0.047645804222593915
    ],
    "10.0": [
        0.047645804222593915,
        0.050057010447725335,
        0.04051587530907164,
        0.047645804222593915,
        0.16026060226115774,
        0.047645804222593915,
        0.047645804222593915,
        0.047645804222593915,
        0.12760154440047894,
        0.05971783678582374,
        0.047645804222593915,
        0.047645804222593915,
        0.08423083285067944,
        0.047645804222593915,
        0.047645804222593915
    ],
    "100.0": [
        0.1610404501570032,
        0.04844753488581231,
        0.039732152857679004,
        0.047645804222593915,
        0.047645804222593915,
        0.08236335084793416,
        0.15076697126347968,
        0.047645804222593915,
        0.12526017249898708,
        0.08765075663302807,
        0.1621662566002379,
        0.047645804222593915,
        0.03469117195048231,
        0.047645804222593915,
        0.047645804222593915
    ],
    "1000.0": [
        0.08215159355325902,
        0.04922164501027858,
        0.04037555481525178,
        0.047645804222593915,
        0.047645804222593915,
        0.14949451203041889,
        0.12673251375238948,
        0.047645804222593915,
        0.12494246908958923,
        0.051902697948699304,
        0.08839343760875945,
        0.047645804222593915,
        0.0451885923426202,
        0.047645804222593915,
        0.047645804222593915
    ],
    "10000.0": [
        0.05351391041532476,
        0.048326085983438696,
        0.04044072222202382,
        0.047645804222593915,
        0.047645804222593915,
        0.047645804222593915,
        0.14230190033608295,
        0.047645804222593915,
        0.09964826867935506,
        0.0479275348338675,
        0.0434404286932438,
        0.047645804222593915,
        0.06830934869482162,
        0.047645804222593915,
        0.047645804222593915
    ],
    "100000.0": [
        0.0434404286932438,
        0.04858913573812931,
        0.040590523658914766,
        0.047645804222593915,
        0.047645804222593915,
        0.0434404286932438,
        0.10904342570203415,
        0.047645804222593915,
        0.09273473962824395,
        0.07104976227942933,
        0.0434404286932438,
        0.047645804222593915,
        0.04806444137654406,
        0.0434404286932438,
        0.047645804222593915
    ]
}