{
    "1e-06": [
        0.01558955625317175,
        0.004268544386601219,
        0.01671830460064976
    ],
    "1e-05": [
        0.01691559968922014,
        0.0042500248016130405,
        0.02460952503394878
    ],
    "0.0001": [
        0.06725214010597416,
        0.004685655243211801,
        0.11861225237628478
    ],
    "0.001": [
        0.1002579790980859,
        0.007540197362301833,
        0.08521997482186297
    ],
    "0.01": [
        0.07380333765660285,
        0.07178091229591815,
        0.07838302790675229
    ],
    "0.1": [
        0.06530853701195224,
        0.13847625343249784,
        0.08268940973231187
    ],
    "1.0": [
        0.14008473735813382,
        0.13897221564233114,
        0.1067448104225994
    ],
    "10.0": [
        0.037655490217502766,
        0.0476437932499917,
        0.03571280240759206
    ],
    "100.0": [
        0.03830234832642056,
        0.0476437932499917,
        0.031854535977214604
    ],
    "1000.0": [
        0.03961294936323014,
        0.0476437932499917,
        0.03403061887283001
    ],
    "10000.0": [
        0.04757251800310093,
        0.0476437932499917,
        0.04180970781287782
    ],
    "100000.0": [
        0.047676435059112655,
        0.0476437932499917,
        0.046537826975904535
    ]
}