{
    "1e-06": [
        0.013438600789474503,
        0.010712045918869035,
        0.01257634238913006,
        0.013557944870400504,
        0.013454030854795742
    ],
    "1e-05": [
        0.013438600789474503,
        0.010761728195530956,
        0.012572146627525467,
        0.013557944870400504,
        0.013454030854795742
    ],
    "0.0001": [
        0.01344482956986625,
        0.010849857431669165,
        0.012845347462247712,
        0.013557944870400504,
        0.013855781109249427
    ],
    "0.001": [
        0.01344482956986625,
        0.010821891768452465,
        0.013337736302050469,
        0.08289608767891539,
        0.014330061285199319
    ],
    "0.01": [
        0.07092225969661181,
        0.07482514497957625,
        0.05445588990555053,
        0.10271478180677554,
        0.061356632666430745
    ],
    "0.1": [
        0.08835331007727401,
        0.11248241752924498,
        0.09276011646363991,
        0.07731004931848183,
        0.10650394776168969
    ],
    "1.0": [
        0.13722363592587672,
        0.15587028154784638,
        0.10739920572570735,
        0.13319790198623058,
        0.11727302056696666
    ],
    "10.0": [
        0.08999894858673453,
        0.12170740141752043,
        0.08068747930901717,
        0.18021544437226023,
        0.06760811476347676
    ],
    "100.0": [
        0.12963811244011939,
        0.10813121410536082,
        0.11284881494503853,
        0.1727655068214084,
        0.1008810110223914
    ],
    "1000.0": [
        0.09219595476367395,
        0.10312330710140476,
        0.14984492465109425,
        0.1710132919133153,
        0.12888199160633634
    ],
    "10000.0": [
        0.13126359507837407,
        0.10906903776681638,
        0.17979906266604676,
        0.14316530460759,
        0.1712532975848499
    ],
    "100000.0": [
        0.12042477939131409,
        0.09200006337018879,
        0.17551349960148777,
        0.12295023059743623,
        0.185079041500274
    ]
}