{
    "1e-06": [
        0.1572106828080847,
        0.020146934022294713,
        0.018961454959625892
    ],
    "1e-05": [
        0.1964889445203416,
        0.0521921731056051,
        0.11382955997548205
    ],
    "0.0001": [
        0.2077249973378283,
        0.10963493306586083,
        0.08906561364518835
    ],
    "0.001": [
        0.1854198273192061,
        0.14026579552508414,
        0.12404865102565035
    ],
    "0.01": [
        0.11100623353998712,
        0.16796443411644468,
        0.07836148180860154
    ],
    "0.1": [
        0.05696070752245314,
        0.04774712197324063,
        0.05306483583247408
    ],
    "1.0": [
        0.047645804222593915,
        0.047645804222593915,
        0.047712414315406314
    ],
    "10.0": [
        0.07589944169876424,
        0.047645804222593915,
        0.047645804222593915
    ],
    "100.0": [
        0.047645804222593915,
        0.047645804222593915,
        0.047645804222593915
    ],
    "1000.0": [
        0.047645804222593915,
        0.047645804222593915,
        0.047645804222593915
    ],
    "10000.0": [
        0.047645804222593915,
        0.047645804222593915,
        0.047645804222593915
    ],
    "100000.0": [
        0.0434404286932438,
        0.047645804222593915,
        0.047645804222593915
    ]
}