{
    "1e-06": [
        0.008702375787369748,
        0.14020625378223175,
        0.14736697217251393,
        0.012340410339071396,
        0.16155725844362948
    ],
    "1e-05": [
        0.11057299958898666,
        0.18121479724315886,
        0.1945794328730157,
        0.012515085681955865,
        0.13942591890375666
    ],
    "0.0001": [
        0.18077000151289271,
        0.2003210798222968,
        0.21186528713145156,
        0.031956206991317425,
        0.1291228192917844
    ],
    "0.001": [
        0.17653577277000915,
        0.18433075762809592,
        0.16108507805682243,
        0.09556466366382356,
        0.1433058941617925
    ],
    "0.01": [
        0.09928932798669693,
        0.14895508745883373,
        0.12147814973871758,
        0.1468955344342171,
        0.15312020930838077
    ],
    "0.1": [
        0.04994793445505995,
        0.13854284489408453,
        0.10185958984050345,
        0.13700808870031478,
        0.06667840835895944
    ],
    "1.0": [
        0.047645804222593915,
        0.047645804222593915,
        0.047645804222593915,
        0.047645804222593915,
        0.047645804222593915
    ],
    "10.0": [
        0.047645804222593915,
        0.047645804222593915,
        0.047645804222593915,
        0.11772911599341859,
        0.047645804222593915
    ],
    "100.0": [
        0.14531319597934156,
        0.13207456507581344,
        0.047645804222593915,
        0.08966575277612564,
        0.047645804222593915
    ],
    "1000.0": [
        0.15004500328226292,
        0.11333507578423682,
        0.047645804222593915,
        0.08683047700435557,
        0.047645804222593915
    ],
    "10000.0": [
        0.11955901612626746,
        0.06375897691604938,
        0.047645804222593915,
        0.08627045611117748,
        0.047645804222593915
    ],
    "100000.0": [
        0.13448218081859833,
        0.0849193775907476,
        0.047645804222593915,
        0.07077352848458797,
        0.0434404286932438
    ]
}