{
    "1e-06": [
        0.013691944726341967,
        0.024458031365519252,
        0.026124713220707797,
        0.015699122081274178,
        0.01570270469414187,
        0.013630621136818377,
        0.017770107524681295,
        0.008075326966175238,
        0.012836620359187678,
        0.013460275303418019
    ],
    "1e-05": [
        0.015078064718864671,
        0.04268357215094896,
        0.08826254638931325,
        0.05189810376871659,
        0.015486430412397879,
        0.01597101268302115,
        0.03631169869466491,
        0.009168875488540697,
        0.03717512270596025,
        0.026559054813526897
    ],
    "0.0001": [
        0.018547069253627604,
        0.11556115372401367,
        0.11891397652539892,
        0.11885018635505569,
        0.015699461025842066,
        0.08614107754227966,
        0.1225703947450352,
        0.07045360277360355,
        0.13147523399620584,
        0.10465525303839625
    ],
    "0.001": [
        0.07238346403894211,
        0.09414009264501072,
        0.11804249697613285,
        0.09744040121307536,
        0.030335081588955922,
        0.08431414532230713,
        0.09044464808594788,
        0.09270683929086619,
        0.10036380520535833,
        0.07992594119972934
    ],
    "0.01": [
        0.09276091750952693,
        0.0978001486507663,
        0.110393233425939,
        0.09402648504178149,
        0.11208885363133883,
        0.07576380925274807,
        0.08647922560461777,
        0.07580244025819233,
        0.08967587640257622,
        0.0828833834803193
    ],
    "0.1": [
        0.10801691182994944,
        0.09157201898718745,
        0.10678180139199073,
        0.10067016974519087,
        0.0891179404831338,
        0.07294216500585315,
        0.08867030452845834,
        0.08574259548207525,
        0.10813663186733072,
        0.08329840730024575
    ],
    "1.0": [
        0.10963413185825002,
        0.09275327635875544,
        0.1417289185802691,
        0.13915801888444598,
        0.10161230964944416,
        0.1394290506523043,
        0.14437114233164935,
        0.14202079554039918,
        0.1380372403962706,
        0.09109411160573443
    ],
    "10.0": [
        0.05021690960518233,
        0.041545686225201946,
        0.04425067497237203,
        0.049661959987391084,
        0.06667679108671376,
        0.03434691410895741,
        0.03905594331678498,
        0.03829636690340437,
        0.03766113935697599,
        0.03754917343795363
    ],
    "100.0": [
        0.03837087544067253,
        0.039291606677832686,
        0.03857878977003311,
        0.04992225620369095,
        0.0544621851695078,
        0.03597470251584027,
        0.03900627865294721,
        0.0302766875734238,
        0.03581047897511157,
        0.03760871580886029
    ],
    "1000.0": [
        0.018874392798299108,
        0.038861860940104215,
        0.039380426647559245,
        0.0476460910476863,
        0.018713672645033735,
        0.037174978443717345,
        0.042787751771438384,
        0.028648433776514937,
        0.03462970350044567,
        0.0393790343641348
    ],
    "10000.0": [
        0.03413225866276197,
        0.03977255520227738,
        0.04046722120483674,
        0.045494029181163194,
        0.047676435059112655,
        0.04263652132624141,
        0.050556331152110244,
        0.032126604053850004,
        0.03674637730139348,
        0.04307915516284777
    ],
    "100000.0": [
        0.03023464575077345,
        0.04079091865248685,
        0.04001304836252924,
        0.050209880166555435,
        0.002915550621105684,
        0.04277434637898721,
        0.0557282475178604,
        0.032126604053850004,
        0.035834195041251106,
        0.047601376167645995
    ]
}