{
    "1e-06": [
        0.010899824493116324,
        0.011401295028508153,
        0.011296028031806257,
        0.012135484393420812,
        0.013927806323190298
    ],
    "1e-05": [
        0.01120638872687799,
        0.011453355916881663,
        0.01198855571361708,
        0.012135484393420812,
        0.014110704030798041
    ],
    "0.0001": [
        0.011249572640397724,
        0.011740162572749235,
        0.015182181955270635,
        0.012501097384218708,
        0.01570311210867449
    ],
    "0.001": [
        0.01177180814185634,
        0.012163817945879653,
        0.07727508058456761,
        0.01427007101547452,
        0.07898944850682452
    ],
    "0.01": [
        0.058104787698841,
        0.05752467399702569,
        0.09216087252123323,
        0.05437145172346158,
        0.0930824077091359
    ],
    "0.1": [
        0.10473922259242578,
        0.1035881326251785,
        0.07538698786250084,
        0.07924849928755563,
        0.06991239055183565
    ],
    "1.0": [
        0.10787040394246895,
        0.1086145901654656,
        0.11446540337946666,
        0.09752186401237463,
        0.12887399736296992
    ],
    "10.0": [
        0.08952613692734625,
        0.08827640805056954,
        0.16347483392729642,
        0.07266501285824588,
        0.17105100917512123
    ],
    "100.0": [
        0.10895920205192282,
        0.11000335077170231,
        0.18420781491286697,
        0.13540355913443977,
        0.18626431374950186
    ],
    "1000.0": [
        0.13909915352475757,
        0.1251642711611027,
        0.17702530345045164,
        0.13495541936406166,
        0.18508917619014015
    ],
    "10000.0": [
        0.16047764128503586,
        0.1797598860089001,
        0.1577361671374784,
        0.14167754835074056,
        0.15340918967625033
    ],
    "100000.0": [
        0.18804005735358828,
        0.1866883005269909,
        0.14156091023200884,
        0.12214174179417674,
        0.1307609387842679
    ]
}