{
    "1e-06": [
        0.1421821229001309,
        0.1270422691994525,
        0.1618697430225129,
        0.14684144080953396,
        0.11875568349310692
    ],
    "1e-05": [
        0.18474523260238324,
        0.13818703306482194,
        0.16077667398655668,
        0.18826914036527592,
        0.16113378037797643
    ],
    "0.0001": [
        0.2076819196660468,
        0.13913990791807784,
        0.14084170321200756,
        0.23071124705862492,
        0.1856459861106061
    ],
    "0.001": [
        0.19889000020128617,
        0.1398829054325185,
        0.14415861089178855,
        0.19822527905727955,
        0.198963374279915
    ],
    "0.01": [
        0.16981774999740276,
        0.13267013468640915,
        0.13969221520931163,
        0.18133019995182117,
        0.21840117028419007
    ],
    "0.1": [
        0.18120996799874814,
        0.05648810812767516,
        0.051503871856851784,
        0.07463821451714699,
        0.20604838107494597
    ],
    "1.0": [
        0.047645804222593915,
        0.047645804222593915,
        0.05566167324147326,
        0.047645804222593915,
        0.21134287651548994
    ],
    "10.0": [
        0.037641632303278494,
        0.1572004906674649,
        0.12329431290322161,
        0.047645804222593915,
        0.20845276041233793
    ],
    "100.0": [
        0.04776081328696393,
        0.135955747644952,
        0.11705454156753865,
        0.16387459369415933,
        0.20971584725887218
    ],
    "1000.0": [
        0.15198665781224027,
        0.16094866001859626,
        0.047645804222593915,
        0.16090862801734437,
        0.19532563229824634
    ],
    "10000.0": [
        0.05702875725766446,
        0.16440731819639814,
        0.04736207089525588,
        0.042045281288471625,
        0.15590557950608275
    ],
    "100000.0": [
        0.0516728512784268,
        0.047645804222593915,
        0.047645804222593915,
        0.0434404286932438,
        0.1535501723593854
    ]
}