{
    "1e-06": [
        0.01037192370002252,
        0.014352146801355667,
        0.01210210984622254,
        0.012667056984653128,
        0.01293438476659793
    ],
    "1e-05": [
        0.01038623590905152,
        0.014352146801355667,
        0.01210210984622254,
        0.012818824978867955,
        0.013049687133205305
    ],
    "0.0001": [
        0.01048622070539517,
        0.014352146801355667,
        0.014219271895989347,
        0.012914561313219709,
        0.013421795446738426
    ],
    "0.001": [
        0.011230754548254226,
        0.08677353894419168,
        0.08068275248966358,
        0.012914561313219709,
        0.01504094593076473
    ],
    "0.01": [
        0.054007490687111866,
        0.09128350836564326,
        0.10809266985286181,
        0.05756319392626901,
        0.05971129819766621
    ],
    "0.1": [
        0.0952662550047531,
        0.08510712837438147,
        0.06950671107812084,
        0.09744527818799399,
        0.10392175040006892
    ],
    "1.0": [
        0.09846110653041146,
        0.1074278341976413,
        0.13601517550623504,
        0.09799718907484972,
        0.10804194775701963
    ],
    "10.0": [
        0.08091751244572347,
        0.15211533841367228,
        0.16688111129906683,
        0.10336910170779091,
        0.08296385226923651
    ],
    "100.0": [
        0.11375582914930095,
        0.15231328106838635,
        0.17969581855344216,
        0.11380675393894045,
        0.09854136516639961
    ],
    "1000.0": [
        0.15664149090790216,
        0.16363504310470078,
        0.17767121561275406,
        0.15748215127067283,
        0.1459303560976521
    ],
    "10000.0": [
        0.18113736062450186,
        0.1564865517692282,
        0.15707838522640474,
        0.17939995047136523,
        0.15615105299589865
    ],
    "100000.0": [
        0.1764632092272184,
        0.12384357513200717,
        0.1311653372331836,
        0.16888226662128056,
        0.18316484992486384
    ]
}