{
    "1e-06": [
        0.010588357096397409,
        0.017343433959831213,
        0.008075326966175238,
        0.009336634726124032,
        0.02343792768391235
    ],
    "1e-05": [
        0.024099751309304637,
        0.0542797530495525,
        0.00918127094394469,
        0.00935058816713177,
        0.028396778735040224
    ],
    "0.0001": [
        0.11927139493028112,
        0.12847761748067632,
        0.07065840101900821,
        0.009452805635652938,
        0.12740062425797855
    ],
    "0.001": [
        0.11852836000805327,
        0.13014893324038174,
        0.10669602040403328,
        0.016802075312064128,
        0.12463904288572662
    ],
    "0.01": [
        0.11954341811404091,
        0.13325635076962672,
        0.10954446823006608,
        0.13016770268601388,
        0.11867129967392567
    ],
    "0.1": [
        0.1332172714055028,
        0.12863752667126063,
        0.1062710444808133,
        0.13079057261743657,
        0.12193040513333554
    ],
    "1.0": [
        0.15103734793749168,
        0.15214238587398712,
        0.15204796299544202,
        0.16089081232149974,
        0.12428890151247841
    ],
    "10.0": [
        0.06920861336427338,
        0.06931220611020938,
        0.06138807047439559,
        0.05178078176111268,
        0.07402328020961328
    ],
    "100.0": [
        0.0687229590258867,
        0.06585919565652813,
        0.06133346476539669,
        0.05152627942919351,
        0.07854246003721523
    ],
    "1000.0": [
        0.06843907420110754,
        0.06791369187844547,
        0.06133346476539669,
        0.05152627942919351,
        0.07730823318205782
    ],
    "10000.0": [
        0.06922300462388334,
        0.07168793956987662,
        0.06087874150048154,
        0.03947312925624543,
        0.07970278473386856
    ],
    "100000.0": [
        0.06584367741940506,
        0.06215372602440472,
        0.032126604053850004,
        0.05152627942919351,
        0.0602400938838752
    ]
}