{
    "1e-06": [
        0.010582530663193349,
        0.01295308833674594,
        0.011290508679705142,
        0.010588357096397409,
        0.02396799020635461,
        0.02483470685677118,
        0.010674119882451868,
        0.012154629836046987,
        0.011111083116845548,
        0.016869659504905644
    ],
    "1e-05": [
        0.012008640641993848,
        0.03749690527110247,
        0.011681545553501304,
        0.024099751309304637,
        0.06048225216353738,
        0.06698842307079611,
        0.011077924438541425,
        0.023767351724136142,
        0.013001797683180709,
        0.01973047976032707
    ],
    "0.0001": [
        0.018608754043498023,
        0.13520140855649326,
        0.012198759316131236,
        0.11927139493028112,
        0.12812613832836578,
        0.12806130874422988,
        0.014084600110109757,
        0.0848356403022466,
        0.03276864273768556,
        0.0477746402039158
    ],
    "0.001": [
        0.12121320150863858,
        0.1337090876353281,
        0.044651294996077145,
        0.11852836000805327,
        0.13244016770982084,
        0.12861441147061387,
        0.09224837137966176,
        0.1274080185277049,
        0.12105406255448409,
        0.12337214179044069
    ],
    "0.01": [
        0.1341844126978032,
        0.13167625532646868,
        0.11938192791183748,
        0.11954341811404091,
        0.13664730449031948,
        0.1248733325921767,
        0.12870407509879783,
        0.12353552109883519,
        0.1227235621777655,
        0.12884730664373836
    ],
    "0.1": [
        0.13767710248924847,
        0.13142340697593569,
        0.1262310405086635,
        0.1332172714055028,
        0.13410528103932817,
        0.13379419470694823,
        0.13746587933693377,
        0.12550409136619123,
        0.12748841499547522,
        0.14015235049564959
    ],
    "1.0": [
        0.15432385759829967,
        0.15625397279842754,
        0.1467997665486351,
        0.15103734793749168,
        0.14944522869827642,
        0.15484174835821268,
        0.1450407411289519,
        0.150743733810441,
        0.1659893558838669,
        0.16178167588399142
    ],
    "10.0": [
        0.06219816866640583,
        0.06680977686558723,
        0.047168557372787426,
        0.06920861336427338,
        0.0788191127473059,
        0.0731008369534986,
        0.07178095980734425,
        0.06912385492598466,
        0.1074516953114622,
        0.08571861502214649
    ],
    "100.0": [
        0.06849837429845244,
        0.06045207105711593,
        0.05769638402049017,
        0.0687229590258867,
        0.07354272564716724,
        0.06534466961365071,
        0.07209001920175097,
        0.06405294258206862,
        0.07681364410108511,
        0.06338267473307983
    ],
    "1000.0": [
        0.0584080014041329,
        0.06486722842793155,
        0.047319608844428714,
        0.06843907420110754,
        0.07604226447823957,
        0.07026530477623123,
        0.058064273262632006,
        0.06448236966107782,
        0.07134157640901052,
        0.06479702340429065
    ],
    "10000.0": [
        0.05676448712566834,
        0.0651569143491901,
        0.042491499346450336,
        0.06922300462388334,
        0.07069228331416877,
        0.07151860106384082,
        0.056471083800166876,
        0.06861066666216957,
        0.07405376535673071,
        0.06036972062113941
    ],
    "100000.0": [
        0.06616292825794119,
        0.06769435286648595,
        0.05051573328713428,
        0.06584367741940506,
        0.07098785951717754,
        0.06973344435980672,
        0.06156971654780486,
        0.06583833441090761,
        0.07130334025108345,
        0.07336788197759614
    ]
}