{
    "1e-06": [
        0.007953227992772295,
        0.013999407907094762,
        0.015911236518754465,
        0.016434065973847375,
        0.020072633822336716
    ],
    "1e-05": [
        0.009733715908686996,
        0.017614756512211182,
        0.0634634881014525,
        0.08089403499072213,
        0.057746906827790837
    ],
    "0.0001": [
        0.03238174993857567,
        0.05973539427413698,
        0.11963371609273298,
        0.1134718215731581,
        0.1155103669283114
    ],
    "0.001": [
        0.13686519464701571,
        0.1295199194167296,
        0.10756592786020733,
        0.11005301415730231,
        0.11802787059171799
    ],
    "0.01": [
        0.14983293977224613,
        0.11461132588726049,
        0.10444202824429422,
        0.11080547190878014,
        0.10755916145478756
    ],
    "0.1": [
        0.11934755590846256,
        0.10623962386128247,
        0.10696445331309984,
        0.11152225166020813,
        0.10753846252635993
    ],
    "1.0": [
        0.06989515298484615,
        0.1270816364349138,
        0.1416173541305169,
        0.14172895587592776,
        0.0476437932499917
    ],
    "10.0": [
        0.05568155497470901,
        0.08737354015062516,
        0.043477658749133445,
        0.046230945659367875,
        0.038441881550739215
    ],
    "100.0": [
        0.04420424683314454,
        0.03371522951835527,
        0.04483462576658388,
        0.04192740660038055,
        0.03821680979951662
    ],
    "1000.0": [
        0.03689418956906585,
        0.01946679420349575,
        0.043960655987199386,
        0.041957921637232075,
        0.03721890095443199
    ],
    "10000.0": [
        0.04043368054753789,
        0.02054757197402362,
        0.04342181896428626,
        0.040003687499306786,
        0.03957313990618294
    ],
    "100000.0": [
        0.0476437932499917,
        0.02664066889080814,
        0.04264015790886631,
        0.047278566081769655,
        0.03824274970165095
    ]
}