{
    "1e-06": [
        0.007393042457864639,
        0.1270422691994525,
        0.04075342695763771,
        0.006573032318277562,
        0.08528726557467846
    ],
    "1e-05": [
        0.007393042457864639,
        0.1270422691994525,
        0.04075342695763771,
        0.006573032318277562,
        0.1418723999185765
    ],
    "0.0001": [
        0.03109976535147809,
        0.13906837016978163,
        0.13366320792664874,
        0.006560918625364912,
        0.11879559577779567
    ],
    "0.001": [
        0.03109976535147809,
        0.13906837016978163,
        0.13366320792664874,
        0.006560918625364912,
        0.12113312457470184
    ],
    "0.01": [
        0.03109976535147809,
        0.13906837016978163,
        0.13366320792664874,
        0.006560918625364912,
        0.13198695892983295
    ],
    "0.1": [
        0.047645804222593915,
        0.047645804222593915,
        0.047645804222593915,
        0.08192376887544672,
        0.16953283269354638
    ],
    "1.0": [
        0.047645804222593915,
        0.047645804222593915,
        0.047645804222593915,
        0.08192376887544672,
        0.046942984296920454
    ],
    "10.0": [
        0.047645804222593915,
        0.047645804222593915,
        0.047645804222593915,
        0.08192376887544672,
        0.04748684091770903
    ],
    "100.0": [
        0.047645804222593915,
        0.047645804222593915,
        0.047645804222593915,
        0.08192376887544672,
        0.04751558100923579
    ],
    "1000.0": [
        0.047645804222593915,
        0.047645804222593915,
        0.047645804222593915,
        0.08192376887544672,
        0.04747394602349464
    ],
    "10000.0": [
        0.047645804222593915,
        0.047645804222593915,
        0.047645804222593915,
        0.08192376887544672,
        0.04762611997888443
    ],
    "100000.0": [
        0.047645804222593915,
        0.047645804222593915,
        0.047645804222593915,
        0.08192376887544672,
        0.04749991437222095
    ]
}