{
    "1e-06": [
        0.013799878159947654,
        0.013831075775762673,
        0.011148772001519846,
        0.013245954523684494,
        0.011962380850099732
    ],
    "1e-05": [
        0.013799878159947654,
        0.013831075775762673,
        0.011150977310034725,
        0.012941011840301416,
        0.01250415806055829
    ],
    "0.0001": [
        0.014029282945882248,
        0.014097939388911605,
        0.011832377102372497,
        0.013386665571255334,
        0.013924096013230294
    ],
    "0.001": [
        0.014262259196525679,
        0.015434814436909496,
        0.013528902903120019,
        0.07438158608901767,
        0.08264197451908707
    ],
    "0.01": [
        0.06612719334147309,
        0.05541701119207044,
        0.05831959853136831,
        0.08843107152567913,
        0.11043484532744421
    ],
    "0.1": [
        0.10400354950891672,
        0.09332259985896403,
        0.09553937273501843,
        0.07009163673068461,
        0.07096776850798685
    ],
    "1.0": [
        0.10128527163952494,
        0.10613524774435856,
        0.10153174729707011,
        0.13707190745695239,
        0.1494923023057668
    ],
    "10.0": [
        0.08742969930488675,
        0.10647492200991299,
        0.09712156808591674,
        0.1751296948423801,
        0.190634829838395
    ],
    "100.0": [
        0.13705199481830332,
        0.14360626901754284,
        0.12919058885888515,
        0.17477447801644694,
        0.1727835546771221
    ],
    "1000.0": [
        0.14175355041698492,
        0.1610418435237613,
        0.14742620389089067,
        0.1744664645220344,
        0.17539948839436936
    ],
    "10000.0": [
        0.13549086340682287,
        0.17687281285284936,
        0.15528392893094944,
        0.15390421657582526,
        0.15363103398354477
    ],
    "100000.0": [
        0.14579090276509366,
        0.1658905710348034,
        0.13891415084206463,
        0.14150890711136757,
        0.13938187083326414
    ]
}