{
    "1e-06": [
        0.01188156987351388,
        0.01308654395984159,
        0.012511486454800515,
        0.012135484393420812,
        0.01093558271937112,
        0.011419146271238419,
        0.012667056984653128,
        0.01093558271937112,
        0.013542862424941677,
        0.01338615478288608
    ],
    "1e-05": [
        0.012015656887788195,
        0.01308654395984159,
        0.012491147145708106,
        0.012135484393420812,
        0.01093558271937112,
        0.011419146271238419,
        0.012818824978867955,
        0.01093558271937112,
        0.013542862424941677,
        0.013455792263894482
    ],
    "0.0001": [
        0.013690216761719788,
        0.01318775404019006,
        0.012500736589259473,
        0.012501097384218708,
        0.014103529683841782,
        0.01142189277219215,
        0.012914561313219709,
        0.014103529683841782,
        0.013542862424941677,
        0.013465652303665275
    ],
    "0.001": [
        0.08849265800905785,
        0.01318775404019006,
        0.012456481439020884,
        0.01427007101547452,
        0.0723282654911248,
        0.08460239649579071,
        0.012914561313219709,
        0.0723282654911248,
        0.014278716919399347,
        0.014618250312764636
    ],
    "0.01": [
        0.10301699015083272,
        0.058391019717793154,
        0.05650565525423834,
        0.05437145172346158,
        0.0804654485234292,
        0.08774233421787825,
        0.05756319392626901,
        0.0804654485234292,
        0.05919040351567689,
        0.06771841667410418
    ],
    "0.1": [
        0.08103508295592289,
        0.08896795064052537,
        0.09683302941155104,
        0.07924849928755563,
        0.07904288669955084,
        0.07737464377781283,
        0.09744527818799399,
        0.07904288669955084,
        0.10925284860998107,
        0.10749424479339632
    ],
    "1.0": [
        0.1302944754946118,
        0.10564151808508651,
        0.10985912197327892,
        0.09752186401237463,
        0.12103207433135046,
        0.11279123369109491,
        0.09799718907484972,
        0.12103207433135046,
        0.11586241767713037,
        0.10778459960418604
    ],
    "10.0": [
        0.17822836410733262,
        0.10576633692547821,
        0.0875060500044625,
        0.07266501285824588,
        0.14323902028780056,
        0.15593914879242496,
        0.10336910170779091,
        0.14323902028780056,
        0.07454040073309644,
        0.09126440650218351
    ],
    "100.0": [
        0.1856800691480971,
        0.13583873460954105,
        0.10931438644684843,
        0.13540355913443977,
        0.15610204974345776,
        0.15904046118449455,
        0.11380675393894045,
        0.15610204974345776,
        0.10989237186379185,
        0.12909455253771338
    ],
    "1000.0": [
        0.1923393225188463,
        0.11825614223824804,
        0.13947549915212373,
        0.13495541936406166,
        0.16473484343347336,
        0.15618424613214832,
        0.15748215127067283,
        0.16473484343347336,
        0.13643017889462672,
        0.14847946572379783
    ],
    "10000.0": [
        0.15959036134888085,
        0.12908549617884896,
        0.15898521496309612,
        0.14167754835074056,
        0.14780263059577578,
        0.16937672597822298,
        0.17939995047136523,
        0.14780263059577578,
        0.17537582997434578,
        0.1697169758941618
    ],
    "100000.0": [
        0.13969562461601687,
        0.13385752435698392,
        0.17516256366855407,
        0.12214174179417674,
        0.12935645724711078,
        0.14028894989954172,
        0.16888226662128056,
        0.12935645724711078,
        0.18965259191206993,
        0.17868423056526467
    ]
}