{
    "1e-06": [
        0.015197734650339254,
        0.014796080675439298,
        0.00935058816713177,
        0.012560904216056929,
        0.014103142538688895,
        0.012487534128770818,
        0.013987426676734981,
        0.021795197830443428,
        0.010447751449601176,
        0.015091476480968447
    ],
    "1e-05": [
        0.051847561259578824,
        0.05788454467254541,
        0.009443585094812698,
        0.016210699942869538,
        0.04805439007522956,
        0.015762149717551868,
        0.016725180379642563,
        0.08644417773904506,
        0.013545134622409671,
        0.016866490387384494
    ],
    "0.0001": [
        0.12897510102907478,
        0.1315279888676026,
        0.04867625464541753,
        0.05482450073761084,
        0.13012265601649675,
        0.04901402764315306,
        0.034284431546704804,
        0.13979330681082291,
        0.05112415115080782,
        0.026454964048930867
    ],
    "0.001": [
        0.13176702160891007,
        0.13299850804392768,
        0.13166298293661996,
        0.12885078486930043,
        0.13157289770533756,
        0.130660897233661,
        0.13997905540669003,
        0.143699475733304,
        0.1274331444508211,
        0.07121515223374403
    ],
    "0.01": [
        0.13597406920413788,
        0.13517271522254418,
        0.12079045521718916,
        0.132214642483167,
        0.13174214702610254,
        0.13269869959443079,
        0.1262680686115585,
        0.14497594397582358,
        0.13068401243430774,
        0.12554784890315737
    ],
    "0.1": [
        0.14031353260328108,
        0.14234403798734724,
        0.11856189366988244,
        0.1417526585642767,
        0.13917385835069906,
        0.13605728716956694,
        0.11306165964773181,
        0.1423547402198459,
        0.1366635524251129,
        0.13854494003636425
    ],
    "1.0": [
        0.053412876271036046,
        0.15445504102392735,
        0.14279020757401534,
        0.16090161184702112,
        0.15554115546750466,
        0.1557577135205649,
        0.13023945629026634,
        0.15537081160023414,
        0.15082033585032545,
        0.13585638518541196
    ],
    "10.0": [
        0.07569979303828209,
        0.07854991106120483,
        0.05152627942919351,
        0.11546723774211692,
        0.06645928280513168,
        0.07471985771349463,
        0.04200216003482831,
        0.08220910164552338,
        0.07440363106641455,
        0.0679791173823455
    ],
    "100.0": [
        0.07158981144871646,
        0.07698757159469231,
        0.05152627942919351,
        0.07767315498700685,
        0.07367434689139711,
        0.06186260503106112,
        0.042113414606303134,
        0.0735232751503761,
        0.07382371600452062,
        0.06677173123982963
    ],
    "1000.0": [
        0.08004822361101886,
        0.07383942071993724,
        0.05152627942919351,
        0.07643062579391106,
        0.06813430380745218,
        0.06425454994063828,
        0.04368995885413207,
        0.07386680870583157,
        0.070557094659106,
        0.06611546547835996
    ],
    "10000.0": [
        0.07752218864676043,
        0.07335309343814343,
        0.05152627942919351,
        0.07330100923998323,
        0.06808783017360188,
        0.05860199558367511,
        0.037080503295509264,
        0.07713695692331961,
        0.06826252790363892,
        0.0687145675026775
    ],
    "100000.0": [
        0.06549968577596764,
        0.07234064602826532,
        0.03947312925624543,
        0.0745585620973366,
        0.06290038105785277,
        0.06279906253632273,
        0.037080503295509264,
        0.07585238092890709,
        0.07111208649168106,
        0.059024040554585794
    ]
}