{
    "1e-06": [
        0.009862765225958317
    ],
    "1e-05": [
        0.014132929482358567
    ],
    "0.0001": [
        0.07389293325708267
    ],
    "0.001": [
        0.06994771450123888
    ],
    "0.01": [
        0.07245406089945042
    ],
    "0.1": [
        0.08009854580493683
    ],
    "1.0": [
        0.05922567184935225
    ],
    "10.0": [
        0.0707437221040117
    ],
    "100.0": [
        0.07549845107058262
    ],
    "1000.0": [
        0.07563844741658962
    ],
    "10000.0": [
        0.05238169101958579
    ],
    "100000.0": [
        0.04691798230434986
    ]
}