{
    "1e-06": [
        0.012150703657192834,
        0.013734643147678353,
        0.008251352421662252
    ],
    "1e-05": [
        0.013087654255655189,
        0.07218771420680502,
        0.038426673881052406
    ],
    "0.0001": [
        0.020264912482655897,
        0.11865243293527084,
        0.11396720180856054
    ],
    "0.001": [
        0.08142608253406035,
        0.09667982273730157,
        0.08239783048883127
    ],
    "0.01": [
        0.09210891561477774,
        0.09300725549744496,
        0.0846915386333729
    ],
    "0.1": [
        0.08926468722498505,
        0.1029857182274716,
        0.07876399835795322
    ],
    "1.0": [
        0.11343635550974279,
        0.13809242418797946,
        0.14017850594110115
    ],
    "10.0": [
        0.06111220308115328,
        0.0413455296183494,
        0.03219551988159812
    ],
    "100.0": [
        0.030632798557707147,
        0.04134365138921423,
        0.031688771954758395
    ],
    "1000.0": [
        0.01951808308313554,
        0.03908855942433243,
        0.030258483367315896
    ],
    "10000.0": [
        0.023700370167824465,
        0.03824573017078809,
        0.03609832204236994
    ],
    "100000.0": [
        0.024074011865001684,
        0.042447844210390585,
        0.04154393697773106
    ]
}