{
    "1e-06": [
        0.01254190369949584,
        0.011225650718437624,
        0.013098841392525198,
        0.01344413433014143,
        0.01145408460108304,
        0.011165247966835273,
        0.012000482216651584,
        0.011450482732304604,
        0.011571411878725674,
        0.014164105738640844
    ],
    "1e-05": [
        0.01254190369949584,
        0.011225650718437624,
        0.013281389453332558,
        0.013726250651538941,
        0.01145408460108304,
        0.01144227667391997,
        0.012023080548115161,
        0.01145408460108304,
        0.011824096047282852,
        0.014352146801355667
    ],
    "0.0001": [
        0.012601179473585074,
        0.015654331819410658,
        0.013566943461532675,
        0.015382733279156255,
        0.014271285151320487,
        0.012418185486423601,
        0.012125984135140268,
        0.01145408460108304,
        0.012017146687198521,
        0.014352146801355667
    ],
    "0.001": [
        0.012601179473585074,
        0.08585771161362164,
        0.013712197890570516,
        0.08005188831487448,
        0.08127757770728862,
        0.08024775538510394,
        0.014163355771590749,
        0.012829897127546742,
        0.014461776782044949,
        0.01431700071036879
    ],
    "0.01": [
        0.06209815143905461,
        0.1108998411140077,
        0.05691369002987804,
        0.09835450580852317,
        0.09793145953025371,
        0.10285734851606088,
        0.06043719738626835,
        0.062184365218808116,
        0.060054734460098964,
        0.07043853500317565
    ],
    "0.1": [
        0.08726725238795995,
        0.07604870203324256,
        0.10359816191427006,
        0.07513205581973134,
        0.07679781776939011,
        0.0728257328240195,
        0.09914340628320935,
        0.09609188359551425,
        0.0971193222386424,
        0.08803480515191203
    ],
    "1.0": [
        0.11958899178743108,
        0.13047447569438678,
        0.10869579740842521,
        0.1310363996548303,
        0.12573421368816834,
        0.12768585496957194,
        0.10816306135479627,
        0.09687498702759698,
        0.1172821498955981,
        0.10596860101195121
    ],
    "10.0": [
        0.10085544728067299,
        0.1760731290681456,
        0.07702343218131476,
        0.1730642612631592,
        0.17608086386345145,
        0.1771244612561022,
        0.10021603753538871,
        0.08593166241863709,
        0.10516569844974595,
        0.0909168028552778
    ],
    "100.0": [
        0.1098759131274492,
        0.18657925126403094,
        0.10068102521420032,
        0.17559000434834948,
        0.1884542823977982,
        0.1866916084897632,
        0.1225908220637744,
        0.121666011344107,
        0.12252275748663323,
        0.10892142803585364
    ],
    "1000.0": [
        0.15599042221539586,
        0.18532169029892567,
        0.12422207742137686,
        0.17706971771532112,
        0.1791644689253869,
        0.1649119329503188,
        0.1292537644616349,
        0.15761041590561903,
        0.1548798061455981,
        0.15154899572844713
    ],
    "10000.0": [
        0.14020080242096175,
        0.14872884395652067,
        0.17133218601076813,
        0.1459138487147981,
        0.14693643081454238,
        0.14888075079598664,
        0.16089895250440023,
        0.14257864389612115,
        0.1711259248026119,
        0.11381281853735636
    ],
    "100000.0": [
        0.13103084584478364,
        0.1275301861332276,
        0.1850998946381426,
        0.13124857952186836,
        0.12626893614101106,
        0.1360369204968119,
        0.18644972181978944,
        0.12968632924062667,
        0.1596765629670065,
        0.11766328720433299
    ]
}