{
    "1e-06": [
        0.009868237721425947,
        0.011447424082902995,
        0.011264452392059228,
        0.015244236661321171,
        0.010836012431842994,
        0.012194989211501021,
        0.01120638872687799,
        0.013438600789474503,
        0.01213406553683955,
        0.012533497987720842,
        0.010728406348719986,
        0.012194989211501021,
        0.011234699983019125,
        0.014388713775861782,
        0.013103610777576215,
        0.012883134653413713,
        0.012265667525158678,
        0.012486475053679804,
        0.013354674409223794,
        0.01295274679769745
    ],
    "1e-05": [
        0.009886850079365161,
        0.011744150573211572,
        0.011264452392059228,
        0.0152605231079361,
        0.010906049219632124,
        0.012196256047734291,
        0.011795960121276402,
        0.013438600789474503,
        0.012197134725345688,
        0.012533497987720842,
        0.010728406348719986,
        0.012196256047734291,
        0.011343093531544734,
        0.014394060838235172,
        0.013227051300146122,
        0.012894490573408753,
        0.012265667525158678,
        0.012541378722560774,
        0.013785257856346721,
        0.01316501889041329
    ],
    "0.0001": [
        0.010364663208202398,
        0.01621801110813899,
        0.011264452392059228,
        0.015256649629469252,
        0.0122502557022792,
        0.012230537649675586,
        0.013438718351876952,
        0.01344482956986625,
        0.014595254701458305,
        0.012533497987720842,
        0.010606954252301824,
        0.012230537649675586,
        0.015092677441717588,
        0.014394060838235172,
        0.013260191736008484,
        0.012951638062626092,
        0.01606734070083667,
        0.0132768957318459,
        0.01372350415058521,
        0.013572546931559678
    ],
    "0.001": [
        0.013262491297139118,
        0.07778920123985039,
        0.07416990890259698,
        0.016167629537876302,
        0.013074990413394163,
        0.012965509412645914,
        0.08322036532362513,
        0.01344482956986625,
        0.08423625042030586,
        0.012470123745049732,
        0.011384810955440833,
        0.012965509412645914,
        0.08380602878161116,
        0.01465511119327687,
        0.07894330729080185,
        0.012951638062626092,
        0.0805089222890791,
        0.07656553067765758,
        0.07864222592425778,
        0.0147817380623407
    ],
    "0.01": [
        0.05808811410707318,
        0.09242809591587241,
        0.08401904374709418,
        0.05861845026614182,
        0.056295149637966176,
        0.05705593242908766,
        0.11353379025596108,
        0.07092225969661181,
        0.10091615001909537,
        0.05692166805774068,
        0.06102543100160443,
        0.05705593242908766,
        0.10667932654288573,
        0.0692896989909546,
        0.09795849888281666,
        0.06490830229902116,
        0.09694197327373638,
        0.09406502669979991,
        0.09347652552865136,
        0.06416064595821433
    ],
    "0.1": [
        0.10078231535859873,
        0.07304976622432502,
        0.06957346219945537,
        0.10044657335271237,
        0.10850510308390343,
        0.0976673900511009,
        0.07658334340856635,
        0.08835331007727401,
        0.08183421541349795,
        0.10236511068313713,
        0.08780418014931755,
        0.0976673900511009,
        0.07368836519442,
        0.09231770887385013,
        0.0637936647842845,
        0.0866767972486052,
        0.060051329204303935,
        0.06227662738147375,
        0.07737874630027065,
        0.10345431418018564
    ],
    "1.0": [
        0.11677044535037942,
        0.11524388539297041,
        0.12097151753246214,
        0.09978204579206379,
        0.1149305694288199,
        0.10877293455993457,
        0.13394977435802172,
        0.13722363592587672,
        0.14865614985304862,
        0.1571048327130795,
        0.09249493622247774,
        0.10877293455993457,
        0.15311291620657877,
        0.10532619950621845,
        0.12469388371953041,
        0.10619740987812168,
        0.14519396142422455,
        0.11711766793294617,
        0.11488116889653627,
        0.0983688159906142
    ],
    "10.0": [
        0.08148203899452461,
        0.18497106246056388,
        0.1591600667404191,
        0.09668925464723366,
        0.09644698691292093,
        0.07889817954376578,
        0.17563730497289287,
        0.08999894858673453,
        0.18357153475981336,
        0.15323722425860123,
        0.09183656244551591,
        0.07889817954376578,
        0.17754097268634597,
        0.07968458283086892,
        0.17268626165440687,
        0.10754026439314061,
        0.17876138393227783,
        0.17813781673419235,
        0.19495712101902896,
        0.07629799108069457
    ],
    "100.0": [
        0.11586731475927371,
        0.17965866883426873,
        0.1728805720362729,
        0.1262778141293338,
        0.11541582648736384,
        0.10924445708677188,
        0.17059569404431787,
        0.12963811244011939,
        0.18970441666216956,
        0.12401245149618507,
        0.11266714454837357,
        0.10924445708677188,
        0.17643969674672888,
        0.12233781966595543,
        0.1773794986996463,
        0.10861386857554713,
        0.17926568610001828,
        0.18117415360259198,
        0.1942869504630629,
        0.1089213793893423
    ],
    "1000.0": [
        0.13088384419521287,
        0.178895178054015,
        0.16843539976794966,
        0.1499004951825684,
        0.13797005178064392,
        0.13305324347695685,
        0.18219675191784007,
        0.09219595476367395,
        0.17711458601429664,
        0.0961030641853746,
        0.12863605106041612,
        0.13305324347695685,
        0.20609757750751362,
        0.11479396191717588,
        0.17558775039332325,
        0.14336793354289817,
        0.1867557570227401,
        0.17992150593513384,
        0.1777658168618408,
        0.13478818887351804
    ],
    "10000.0": [
        0.1753067194972104,
        0.16033595021295496,
        0.14866844120491832,
        0.16057509646278892,
        0.17581069735487515,
        0.1673158489555659,
        0.15648544911497078,
        0.13126359507837407,
        0.15850453878437168,
        0.08109924770440356,
        0.14353938006442615,
        0.1673158489555659,
        0.1514345467027265,
        0.10506782166889446,
        0.1481500964108993,
        0.10496569642605108,
        0.14736161753931157,
        0.15508707271498903,
        0.16390379886444773,
        0.13150968967158028
    ],
    "100000.0": [
        0.18312009513441485,
        0.14329588805957758,
        0.1301436956326589,
        0.1859253772893697,
        0.18537333667848366,
        0.19134466351662127,
        0.1296524469454661,
        0.12042477939131409,
        0.1474144638661497,
        0.09399602162343916,
        0.14040013960900138,
        0.19134466351662127,
        0.1312542468404415,
        0.11370325037827528,
        0.12816354749559977,
        0.13068768524591526,
        0.12306128247511375,
        0.13560660967284638,
        0.14205167245408806,
        0.1607566128121679
    ]
}