{
    "1e-06": [
        0.01298022447748387,
        0.007317570422558074,
        0.10292120385677256,
        0.06721046021644106,
        0.15995649987078728
    ],
    "1e-05": [
        0.02211868889788364,
        0.01258201079165682,
        0.04660008511644729,
        0.13880074480746654,
        0.15979021965189183
    ],
    "0.0001": [
        0.10518269538879395,
        0.025890551983041965,
        0.1402206136825237,
        0.13948359185076775,
        0.17089349056812042
    ],
    "0.001": [
        0.1094948799052137,
        0.08025089426243559,
        0.14095554757625497,
        0.13802260337991917,
        0.1485219326425106
    ],
    "0.01": [
        0.13093837372800138,
        0.1307361420164717,
        0.15855361451493932,
        0.1544956329021048,
        0.08240371663519677
    ],
    "0.1": [
        0.13875474726900142,
        0.14709654463098404,
        0.15305155896125955,
        0.05005658027973581,
        0.0567827138494938
    ],
    "1.0": [
        0.14817473431851003,
        0.1385118727988385,
        0.11203786971721243,
        0.03649146252490105,
        0.047645804222593915
    ],
    "10.0": [
        0.047645804222593915,
        0.08127055979789571,
        0.1307343361225534,
        0.03649146252490105,
        0.12324700862803357
    ],
    "100.0": [
        0.13726021178225253,
        0.08127055979789571,
        0.1307343361225534,
        0.03649146252490105,
        0.12324700862803357
    ],
    "1000.0": [
        0.08806334252053119,
        0.08127055979789571,
        0.1307343361225534,
        0.03649146252490105,
        0.12324700862803357
    ],
    "10000.0": [
        0.12205301650027012,
        0.08210437450003116,
        0.1399339736776149,
        0.03649146252490105,
        0.0434404286932438
    ],
    "100000.0": [
        0.10612465675840986,
        0.08210437450003116,
        0.1399339736776149,
        0.03649146252490105,
        0.0434404286932438
    ]
}