{
    "Adagrad": [
        0.08213982901335017,
        0.10605782682153295
    ],
    "Adam": [
        0.1296825996747559,
        0.13233060765849164
    ],
    "SGD": [
        0.013196708038686819,
        0.013507443710797398
    ]
}