{
    "Adagrad": [
        0.13986843323986284,
        0.09958520579160716
    ],
    "Adam": [
        0.11886927475964731,
        0.12207778784724528
    ],
    "SGD": [
        0.014532156122351553,
        0.011170992309051416
    ]
}