{
    "Adagrad": [
        0.09926977646084824,
        0.09249025350929445
    ],
    "Adam": [
        0.08831552357526691,
        0.10657234799975925
    ],
    "SGD": [
        0.010991449791870767,
        0.013581276953410392
    ]
}