{
    "1e-06": [
        0.13128919398531,
        0.047645804222593915,
        0.047645804222593915,
        0.0943170446030637
    ],
    "1e-05": [
        0.13128919398531,
        0.047645804222593915,
        0.047645804222593915,
        0.0943170446030637
    ],
    "0.0001": [
        0.13128919398531,
        0.047645804222593915,
        0.047645804222593915,
        0.0943170446030637
    ],
    "0.001": [
        0.13128919398531,
        0.047645804222593915,
        0.047645804222593915,
        0.0943170446030637
    ],
    "0.01": [
        0.13128919398531,
        0.047645804222593915,
        0.047645804222593915,
        0.0943170446030637
    ]
}