{
    "1e-06": [
        0.07456365646199978,
        0.047645804222593915,
        0.047645804222593915,
        0.05781499578597698
    ],
    "1e-05": [
        0.07456365646199978,
        0.047645804222593915,
        0.047645804222593915,
        0.05781499578597698
    ],
    "0.0001": [
        0.07456365646199978,
        0.047645804222593915,
        0.047645804222593915,
        0.05781499578597698
    ],
    "0.001": [
        0.07456365646199978,
        0.047645804222593915,
        0.047645804222593915,
        0.05781499578597698
    ],
    "0.01": [
        0.07456365646199978,
        0.047645804222593915,
        0.047645804222593915,
        0.05781499578597698
    ]
}