{
    "1e-06": [
        0.13898344242826421,
        0.047645804222593915,
        0.05713774295563393,
        0.1365562783910873
    ],
    "1e-05": [
        0.13898344242826421,
        0.047645804222593915,
        0.05713774295563393,
        0.1365562783910873
    ],
    "0.0001": [
        0.13898344242826421,
        0.047645804222593915,
        0.05713774295563393,
        0.1365562783910873
    ],
    "0.001": [
        0.13898344242826421,
        0.047645804222593915,
        0.05713774295563393,
        0.1365562783910873
    ],
    "0.01": [
        0.13898344242826421,
        0.047645804222593915,
        0.05713774295563393,
        0.1365562783910873
    ]
}