{
    "1e-06": [
        0.047645804222593915,
        0.19427532439536235,
        0.15541876934944315,
        0.05941941180127732
    ],
    "1e-05": [
        0.047645804222593915,
        0.19427532439536235,
        0.15541876934944315,
        0.05941941180127732
    ],
    "0.0001": [
        0.047645804222593915,
        0.19427532439536235,
        0.15541876934944315,
        0.05941941180127732
    ],
    "0.001": [
        0.047645804222593915,
        0.19427532439536235,
        0.15541876934944315,
        0.05941941180127732
    ],
    "0.01": [
        0.047645804222593915,
        0.19427532439536235,
        0.15541876934944315,
        0.05941941180127732
    ]
}