{
    "1e-06": [
        0.047645804222593915,
        0.1827137642718376,
        0.13773038742390084,
        0.14770623267965113
    ],
    "1e-05": [
        0.047645804222593915,
        0.1827137642718376,
        0.13773038742390084,
        0.14770623267965113
    ],
    "0.0001": [
        0.047645804222593915,
        0.1827137642718376,
        0.13773038742390084,
        0.14770623267965113
    ],
    "0.001": [
        0.047645804222593915,
        0.1827137642718376,
        0.13773038742390084,
        0.14770623267965113
    ],
    "0.01": [
        0.047645804222593915,
        0.1827137642718376,
        0.13773038742390084,
        0.14770623267965113
    ]
}