{
    "1e-06": [
        0.02969639504209478,
        0.047645804222593915,
        0.047645804222593915,
        0.14107527631394406
    ],
    "1e-05": [
        0.02969639504209478,
        0.047645804222593915,
        0.047645804222593915,
        0.14107527631394406
    ],
    "0.0001": [
        0.02969639504209478,
        0.047645804222593915,
        0.047645804222593915,
        0.14107527631394406
    ],
    "0.001": [
        0.02969639504209478,
        0.047645804222593915,
        0.047645804222593915,
        0.14107527631394406
    ],
    "0.01": [
        0.02969639504209478,
        0.047645804222593915,
        0.047645804222593915,
        0.14107527631394406
    ]
}