{
    "1e-06": [
        0.13903653976765085,
        0.047645804222593915,
        0.03841433271448663,
        0.1283055528681329,
        0.054741569275551655,
        0.14036701892284636
    ],
    "1e-05": [
        0.13903653976765085,
        0.047645804222593915,
        0.03841433271448663,
        0.1283055528681329,
        0.054741569275551655,
        0.14036701892284636
    ],
    "0.0001": [
        0.13903653976765085,
        0.047645804222593915,
        0.03841433271448663,
        0.1283055528681329,
        0.054741569275551655,
        0.14036701892284636
    ],
    "0.001": [
        0.13903653976765085,
        0.047645804222593915,
        0.03841433271448663,
        0.1283055528681329,
        0.054741569275551655,
        0.14036701892284636
    ],
    "0.01": [
        0.13903653976765085,
        0.047645804222593915,
        0.03841433271448663,
        0.1283055528681329,
        0.054741569275551655,
        0.14036701892284636
    ]
}