{
    "1e-06": [
        0.17210099547626362,
        0.10520211036349711,
        0.1014257465488219,
        0.08973834111763998,
        0.09167307773634681
    ],
    "1e-05": [
        0.17210099547626362,
        0.10520211036349711,
        0.1014257465488219,
        0.08973834111763998,
        0.09167307773634681
    ],
    "0.0001": [
        0.17210099547626362,
        0.10520211036349711,
        0.1014257465488219,
        0.08973834111763998,
        0.09167307773634681
    ],
    "0.001": [
        0.17210099547626362,
        0.10520211036349711,
        0.1014257465488219,
        0.08973834111763998,
        0.09167307773634681
    ],
    "0.01": [
        0.17210099547626362,
        0.10520211036349711,
        0.1014257465488219,
        0.08973834111763998,
        0.09167307773634681
    ],
    "0.1": [
        0.17210099547626362,
        0.10520211036349711,
        0.1014257465488219,
        0.08973834111763998,
        0.09167307773634681
    ],
    "1.0": [
        0.17210099547626362,
        0.10520211036349711,
        0.1014257465488219,
        0.08973834111763998,
        0.09167307773634681
    ]
}