{
    "Adagrad": [
        0.074,
        0.0856,
        0.0765,
        0.0933,
        0.0669,
        0.0859,
        0.0786,
        0.1094,
        0.0718,
        0.1066,
        0.0514,
        0.0642,
        0.0552,
        0.0757,
        0.0716,
        0.0951,
        0.1076,
        0.054,
        0.0615,
        0.0709,
        0.0938,
        0.0708,
        0.0687,
        0.0739,
        0.0828,
        0.0832,
        0.1055,
        0.0518,
        0.1092,
        0.0725,
        0.0685,
        0.0753,
        0.0788,
        0.0744,
        0.068,
        0.0861,
        0.0666,
        0.0882,
        0.078,
        0.0716,
        0.0675,
        0.0752,
        0.0934,
        0.0459,
        0.0632,
        0.0784,
        0.0459,
        0.1003,
        0.0789,
        0.0881,
        0.0483,
        0.0698,
        0.0904,
        0.1078,
        0.0639,
        0.0556,
        0.0773,
        0.0874,
        0.0736,
        0.0565,
        0.0719,
        0.0777,
        0.0811,
        0.0806,
        0.0769,
        0.0739,
        0.0756,
        0.0546,
        0.0688,
        0.0682,
        0.0828,
        0.0785,
        0.0884,
        0.0671,
        0.079,
        0.0849,
        0.0756,
        0.0685,
        0.0634,
        0.0906,
        0.1065,
        0.0816,
        0.0699,
        0.0576,
        0.0879,
        0.0666,
        0.0785,
        0.0714,
        0.076,
        0.0656,
        0.0826,
        0.063,
        0.0564,
        0.0533,
        0.0693,
        0.0505,
        0.0783,
        0.0737,
        0.0754,
        0.0849,
        0.0848,
        0.0792,
        0.0955,
        0.0781,
        0.0528,
        0.092,
        0.0679,
        0.0705,
        0.0953,
        0.0553,
        0.0929,
        0.081,
        0.0642,
        0.0519,
        0.0656,
        0.0705,
        0.0581,
        0.07,
        0.0815,
        0.0778,
        0.0769,
        0.0522,
        0.0718,
        0.0564,
        0.082,
        0.0764,
        0.0722,
        0.08213982901335017,
        0.10605782682153295,
        0.13986843323986284,
        0.09958520579160716,
        0.09926977646084824,
        0.09249025350929445
    ],
    "Adam": [
        0.0851,
        0.0972,
        0.0931,
        0.1017,
        0.0904,
        0.0979,
        0.086,
        0.1095,
        0.0983,
        0.1067,
        0.0514,
        0.0928,
        0.0529,
        0.0836,
        0.0989,
        0.0972,
        0.1082,
        0.092,
        0.0889,
        0.0984,
        0.1009,
        0.0897,
        0.0923,
        0.0898,
        0.083,
        0.0891,
        0.1006,
        0.0932,
        0.1096,
        0.0958,
        0.0903,
        0.1014,
        0.0855,
        0.0859,
        0.0947,
        0.1085,
        0.0951,
        0.0876,
        0.0921,
        0.09,
        0.094,
        0.0855,
        0.0971,
        0.0869,
        0.0903,
        0.0802,
        0.0904,
        0.105,
        0.0881,
        0.0843,
        0.0908,
        0.0829,
        0.0967,
        0.1073,
        0.0955,
        0.0753,
        0.0934,
        0.0889,
        0.0895,
        0.0941,
        0.082,
        0.091,
        0.1047,
        0.0934,
        0.0854,
        0.086,
        0.0904,
        0.0911,
        0.0826,
        0.0873,
        0.0978,
        0.085,
        0.0799,
        0.0702,
        0.0912,
        0.0925,
        0.0836,
        0.0899,
        0.0909,
        0.0952,
        0.1022,
        0.0973,
        0.0864,
        0.0924,
        0.0985,
        0.0945,
        0.0945,
        0.0787,
        0.0858,
        0.0946,
        0.1034,
        0.0947,
        0.0698,
        0.0929,
        0.0863,
        0.0914,
        0.0841,
        0.0855,
        0.0916,
        0.0976,
        0.0875,
        0.0773,
        0.1099,
        0.088,
        0.0516,
        0.0951,
        0.0895,
        0.0964,
        0.0955,
        0.0903,
        0.1013,
        0.0773,
        0.0858,
        0.0613,
        0.0922,
        0.0926,
        0.0613,
        0.0913,
        0.0941,
        0.0908,
        0.084,
        0.0844,
        0.099,
        0.0892,
        0.108,
        0.0906,
        0.0887,
        0.1296825996747559,
        0.13233060765849164,
        0.11886927475964731,
        0.12207778784724528,
        0.08831552357526691,
        0.10657234799975925
    ],
    "SGD": [
        0.0059,
        0.0048,
        0.0055,
        0.0055,
        0.0055,
        0.0046,
        0.0051,
        0.0064,
        0.0064,
        0.0058,
        0.0055,
        0.0055,
        0.0055,
        0.0056,
        0.0055,
        0.0056,
        0.0016,
        0.0053,
        0.0055,
        0.0057,
        0.0052,
        0.0055,
        0.005,
        0.0052,
        0.0055,
        0.0051,
        0.0058,
        0.0055,
        0.0069,
        0.0055,
        0.0056,
        0.0058,
        0.0055,
        0.0052,
        0.0056,
        0.0055,
        0.0052,
        0.0054,
        0.0052,
        0.0057,
        0.0055,
        0.0055,
        0.0049,
        0.0057,
        0.0057,
        0.0056,
        0.0059,
        0.0051,
        0.0052,
        0.0055,
        0.0057,
        0.0054,
        0.0047,
        0.0016,
        0.0064,
        0.0054,
        0.0052,
        0.005,
        0.0051,
        0.0055,
        0.0055,
        0.0055,
        0.0062,
        0.0053,
        0.0052,
        0.0058,
        0.0055,
        0.0054,
        0.0052,
        0.0057,
        0.0048,
        0.0054,
        0.0051,
        0.0061,
        0.0052,
        0.0046,
        0.0063,
        0.0052,
        0.005,
        0.0061,
        0.005,
        0.0052,
        0.0049,
        0.0053,
        0.0063,
        0.0055,
        0.0056,
        0.0054,
        0.0051,
        0.0054,
        0.0047,
        0.0064,
        0.0052,
        0.0054,
        0.0051,
        0.0054,
        0.0053,
        0.0055,
        0.0054,
        0.006,
        0.0053,
        0.0051,
        0.0052,
        0.0054,
        0.0057,
        0.0047,
        0.005,
        0.0054,
        0.0051,
        0.0056,
        0.005,
        0.0052,
        0.0054,
        0.0054,
        0.0052,
        0.0057,
        0.0059,
        0.0055,
        0.0055,
        0.0057,
        0.0052,
        0.005,
        0.0055,
        0.0052,
        0.0045,
        0.0053,
        0.0055,
        0.013196708038686819,
        0.013507443710797398,
        0.014532156122351553,
        0.011170992309051416,
        0.010991449791870767,
        0.013581276953410392
    ]
}