{
    "1e-06": [
        0.06089989885370782,
        0.15304338374036425,
        0.013591002403421605,
        0.15421180725097655,
        0.14005162462275078,
        0.15294230440829662,
        0.1353224165896152,
        0.13927785995158742,
        0.1527741330735227,
        0.04925625882250197
    ],
    "1e-05": [
        0.18325133830943005,
        0.16040108457524727,
        0.022618164153809243,
        0.19010831142993684,
        0.20208057038327482,
        0.17862078078249669,
        0.17313821467947452,
        0.210196856234936,
        0.2016130285060152,
        0.04157177539581948
    ],
    "0.0001": [
        0.19651378469264252,
        0.21066770553588868,
        0.07763615466178732,
        0.2025750586327086,
        0.20329538507664457,
        0.2212507207342919,
        0.20337920290358524,
        0.24175376486270986,
        0.21260773273224526,
        0.046142890098247125
    ],
    "0.001": [
        0.19494835670958174,
        0.1657450533927755,
        0.11555249031553877,
        0.20786264297810006,
        0.2009006621989798,
        0.20188012224562624,
        0.19156928772621967,
        0.22994398157647317,
        0.19576827313037629,
        0.07298328825768004
    ],
    "0.01": [
        0.16651860906722699,
        0.14115325440751744,
        0.15778221779681267,
        0.19693220219713575,
        0.17219644100108045,
        0.16844290469555145,
        0.17308110176248753,
        0.19916490392482028,
        0.1873698741831678,
        0.06566323219461644
    ],
    "0.1": [
        0.11084720327499065,
        0.15208852646198678,
        0.047645804222593915,
        0.08038519392622279,
        0.047645804222593915,
        0.2032815953518482,
        0.047645804222593915,
        0.170088662492468,
        0.047645804222593915,
        0.06196237929323886
    ],
    "1.0": [
        0.047645804222593915,
        0.047645804222593915,
        0.047645804222593915,
        0.047645804222593915,
        0.13698826850728785,
        0.047645804222593915,
        0.047645804222593915,
        0.15178651606782953,
        0.047645804222593915,
        0.06102090896444118
    ],
    "10.0": [
        0.16369533944637218,
        0.047645804222593915,
        0.047645804222593915,
        0.047645804222593915,
        0.06913389753788075,
        0.047645804222593915,
        0.047645804222593915,
        0.17800325840077502,
        0.047645804222593915,
        0.047645804222593915
    ],
    "100.0": [
        0.16992376611587848,
        0.12784226397250562,
        0.047645804222593915,
        0.047645804222593915,
        0.14334715985237284,
        0.14033224633399477,
        0.047645804222593915,
        0.15405860454478162,
        0.047645804222593915,
        0.047645804222593915
    ],
    "1000.0": [
        0.11766455427129217,
        0.12342079040851998,
        0.047645804222593915,
        0.05901144920511449,
        0.0434404286932438,
        0.14167412494091278,
        0.047645804222593915,
        0.12664507196304645,
        0.047645804222593915,
        0.047645804222593915
    ],
    "10000.0": [
        0.047645804222593915,
        0.0434404286932438,
        0.047645804222593915,
        0.047645804222593915,
        0.0434404286932438,
        0.047645804222593915,
        0.047645804222593915,
        0.1417151633729326,
        0.0683304675081943,
        0.047645804222593915
    ],
    "100000.0": [
        0.047645804222593915,
        0.047645804222593915,
        0.047645804222593915,
        0.047645804222593915,
        0.0434404286932438,
        0.0434404286932438,
        0.0434404286932438,
        0.13919564510913604,
        0.10533884941263402,
        0.047645804222593915
    ]
}