{
    "1e-06": [
        0.10709520972590313,
        0.1096346909329875,
        0.1086675723196359,
        0.005249033480176943,
        0.022707784189690737,
        0.005301463197331335,
        0.10935648807450465,
        0.0787718483580128
    ],
    "1e-05": [
        0.1072190632625099,
        0.10961020697542997,
        0.09380480263639432,
        0.009311829404456663,
        0.024032044517301055,
        0.006135239336028322,
        0.10675314314062577,
        0.11419679313567443
    ],
    "0.0001": [
        0.10725344678269531,
        0.13447150625047907,
        0.10722115142867747,
        0.04882636127891989,
        0.05089937762168686,
        0.035004587713545726,
        0.09404445709150187,
        0.12266621129326047
    ],
    "0.001": [
        0.10722090823304121,
        0.1059614142986259,
        0.10724569397427464,
        0.03758688793412935,
        0.09646848322323053,
        0.03894569357019088,
        0.07253645997822018,
        0.10654295002077763
    ],
    "0.01": [
        0.07365279166898618,
        0.1154110743166852,
        0.10722767594121588,
        0.040058863796645354,
        0.07772401635033699,
        0.03807151126119352,
        0.06399375923739145,
        0.010568746570562523
    ],
    "0.1": [
        0.02001679904967433,
        0.07003976785893827,
        0.0728229815487357,
        0.04339508549190748,
        0.0693007842024582,
        0.03949810452247262,
        0.010566939875708054,
        0.010566939875708054
    ],
    "1.0": [
        0.010566939875708054,
        0.010566939875708054,
        0.013102312172104693,
        0.04022317083491101,
        0.010566939875708054,
        0.03249429511518584,
        0.010566939875708054,
        0.010566939875708054
    ],
    "10.0": [
        0.010566939875708054,
        0.089778796156662,
        0.010566939875708054,
        0.03642277422281345,
        0.017985151054488446,
        0.011935452116820804,
        0.010566939875708054,
        0.010566939875708054
    ],
    "100.0": [
        0.10745057358530938,
        0.07498906712438082,
        0.010566939875708054,
        0.023617474759211304,
        0.010566939875708054,
        0.010979713440573084,
        0.010566939875708054,
        0.1043008996824848
    ],
    "1000.0": [
        0.10163732790200793,
        0.010530185523777732,
        0.010566939875708054,
        0.0193906248079702,
        0.010566939875708054,
        0.011271952309539765,
        0.010566939875708054,
        0.010566939875708054
    ],
    "10000.0": [
        0.010566939875708054,
        0.017262492911826303,
        0.010566939875708054,
        0.005665403295577924,
        0.010566939875708054,
        0.012255098255566166,
        0.010566939875708054,
        0.037316273884931965
    ],
    "100000.0": [
        0.010566939875708054,
        0.009619624059234635,
        0.010566939875708054,
        0.0053838074656388756,
        0.010566939875708054,
        0.012248484163336414,
        0.009619624059234635,
        0.07321497501373923
    ]
}