{
    "1e-06": [
        0.14960141080491085,
        0.07631976350824883,
        0.14956064021333734,
        0.10656886303678471,
        0.016507929690340734,
        0.15357258979310381,
        0.13920903307326296,
        0.019514032120400288,
        0.1402913418221981,
        0.04925625882250197
    ],
    "1e-05": [
        0.1770424761670701,
        0.13442943654161818,
        0.20228773076483544,
        0.17611901100645674,
        0.03406591618314703,
        0.18489421073426593,
        0.16094919772858315,
        0.06882030608806204,
        0.1670411170797145,
        0.04157177539581948
    ],
    "0.0001": [
        0.19148510466230675,
        0.1807621306561409,
        0.19834002839758041,
        0.19248002640744474,
        0.102143103011111,
        0.21906109667838888,
        0.2079883818930768,
        0.1191432810844259,
        0.20425670096214782,
        0.046142890098247125
    ],
    "0.001": [
        0.18443473856499853,
        0.18185814390791225,
        0.18980608595178483,
        0.19248192563970037,
        0.1451297658555051,
        0.19589546284777054,
        0.19811990210350525,
        0.1448182369800324,
        0.18681973802282456,
        0.07298328825768004
    ],
    "0.01": [
        0.1584138018019656,
        0.1931430552868133,
        0.18835557775294526,
        0.1441571032747309,
        0.1520308738059186,
        0.16467877448873317,
        0.16519070483268575,
        0.1593875377736193,
        0.16707687175020258,
        0.06566323219461644
    ],
    "0.1": [
        0.18545582953919756,
        0.19498262405395508,
        0.047645804222593915,
        0.047645804222593915,
        0.17141502461534866,
        0.1280289852872808,
        0.14114720973562686,
        0.047645804222593915,
        0.11930283891393784,
        0.06196237929323886
    ],
    "1.0": [
        0.047645804222593915,
        0.19230241369693837,
        0.047645804222593915,
        0.047645804222593915,
        0.13896790362418965,
        0.04994368806798408,
        0.047645804222593915,
        0.047645804222593915,
        0.048682032240198014,
        0.06102090896444118
    ],
    "10.0": [
        0.047645804222593915,
        0.19301343471445936,
        0.047645804222593915,
        0.047645804222593915,
        0.11249603717885119,
        0.047645804222593915,
        0.047645804222593915,
        0.047645804222593915,
        0.15536992093350024,
        0.047645804222593915
    ],
    "100.0": [
        0.047645804222593915,
        0.19179686891271713,
        0.047645804222593915,
        0.12786137601162526,
        0.08264011119274382,
        0.047645804222593915,
        0.047645804222593915,
        0.047645804222593915,
        0.04768685229281162,
        0.047645804222593915
    ],
    "1000.0": [
        0.04736207089525588,
        0.19030934800492957,
        0.047645804222593915,
        0.16243106557967815,
        0.0783397745578847,
        0.16224752182656146,
        0.10489888495587288,
        0.047645804222593915,
        0.12887288763168012,
        0.047645804222593915
    ],
    "10000.0": [
        0.0014087396416258304,
        0.16354559634594207,
        0.11498040138406956,
        0.14813594412296377,
        0.08111551670317954,
        0.14410516048999542,
        0.047645804222593915,
        0.047645804222593915,
        0.04488482120189261,
        0.047645804222593915
    ],
    "100000.0": [
        0.0434404286932438,
        0.15134545995834026,
        0.09062055323986297,
        0.09808811735599599,
        0.065116548538208,
        0.0434404286932438,
        0.0434404286932438,
        0.047645804222593915,
        0.047645804222593915,
        0.047645804222593915
    ]
}