{
    "1e-06": [
        0.10515134226784324,
        0.1080821147520113,
        0.09789526875118958,
        0.10914549722559386
    ],
    "1e-05": [
        0.12767926168907634,
        0.11977178289669597,
        0.10724480733667745,
        0.1061521924317801
    ],
    "0.0001": [
        0.14845517842772388,
        0.13906605564653726,
        0.1073299484707737,
        0.09463265534761153
    ],
    "0.001": [
        0.11850939651340182,
        0.0984657409669232,
        0.10120831800821818,
        0.08500087977758522
    ],
    "0.01": [
        0.10822518477082194,
        0.10872246331184743,
        0.1069218726678486,
        0.08372422752247718
    ],
    "0.1": [
        0.010566939875708054,
        0.010566939875708054,
        0.10973739979341737,
        0.01589768561410438
    ],
    "1.0": [
        0.010566939875708054,
        0.01053820774242921,
        0.10680489122403697,
        0.010566939875708054
    ],
    "10.0": [
        0.010566939875708054,
        0.010566939875708054,
        0.07723785587682849,
        0.010566939875708054
    ],
    "100.0": [
        0.010566939875708054,
        0.0067390540633538755,
        0.10270894625897951,
        0.010566939875708054
    ],
    "1000.0": [
        0.010566939875708054,
        0.08578993038816116,
        0.09689732137984206,
        0.010566939875708054
    ],
    "10000.0": [
        0.010566939875708054,
        0.07110650327391607,
        0.08180427077511798,
        0.06576210379817664
    ],
    "100000.0": [
        0.010597742725077953,
        0.03194426392695627,
        0.09173560375447976,
        0.010566939875708054
    ]
}