{
    "1e-06": [
        0.06089989885370782,
        0.07916251040519552,
        0.12291712456561149,
        0.14409751080452127,
        0.14656407782372008,
        0.16056433941455597,
        0.10039807887787515,
        0.1567878357907559,
        0.1534586399159533,
        0.06248315141556111
    ],
    "1e-05": [
        0.18325133830943005,
        0.18782862196577357,
        0.16808414459228516,
        0.19659865156133124,
        0.23866598656836976,
        0.180901190575133,
        0.2130413055419922,
        0.21044723835397275,
        0.1561934694330743,
        0.08361699530418883
    ],
    "0.0001": [
        0.19651378469264252,
        0.20268824151221743,
        0.21544260877244015,
        0.19265316090685256,
        0.2218815377418031,
        0.20423578302910989,
        0.20239651456792304,
        0.21151927379851646,
        0.19541568553194086,
        0.16772035030608481
    ],
    "0.001": [
        0.19494835670958174,
        0.18821595374574052,
        0.19380543282691468,
        0.1945604791032507,
        0.21275955362522855,
        0.16595217927973321,
        0.19020985136640833,
        0.19065876209989507,
        0.14559633376750541,
        0.1603898190437479
    ],
    "0.01": [
        0.16651860906722699,
        0.18753192576956243,
        0.1693321796173745,
        0.1520503652856705,
        0.1897489568020435,
        0.15494119563001268,
        0.17760526575940722,
        0.17790922205498877,
        0.13087813600580744,
        0.1635925495878179
    ],
    "0.1": [
        0.11084720327499065,
        0.19889911489283785,
        0.1717296397432368,
        0.11018904219282434,
        0.047645804222593915,
        0.08409897317277625,
        0.06357202631361941,
        0.05717670460964771,
        0.14915284095926487,
        0.15947212056910737
    ],
    "1.0": [
        0.047645804222593915,
        0.20261109534730304,
        0.14247824080446933,
        0.0570128045183547,
        0.047645804222593915,
        0.047645804222593915,
        0.047645804222593915,
        0.047645804222593915,
        0.05377424372003434,
        0.13859164055357587
    ],
    "10.0": [
        0.16369533944637218,
        0.20969789383259224,
        0.1888154557410707,
        0.04809651577726323,
        0.047645804222593915,
        0.047645804222593915,
        0.047645804222593915,
        0.08645690451277063,
        0.047645804222593915,
        0.08334831379829569
    ],
    "100.0": [
        0.16992376611587848,
        0.16279059065149185,
        0.15447247484897045,
        0.047645804222593915,
        0.047645804222593915,
        0.1633434072453925,
        0.047645804222593915,
        0.047645804222593915,
        0.047645804222593915,
        0.07350545233868538
    ],
    "1000.0": [
        0.11766455427129217,
        0.16812095844999272,
        0.13325939381376226,
        0.047645804222593915,
        0.047645804222593915,
        0.047645804222593915,
        0.047645804222593915,
        0.047645804222593915,
        0.047645804222593915,
        0.0900819940769926
    ],
    "10000.0": [
        0.047645804222593915,
        0.1295792985469737,
        0.07191220750199988,
        0.047645804222593915,
        0.1093540516305477,
        0.14066815071917596,
        0.047645804222593915,
        0.05085637265063347,
        0.0434404286932438,
        0.11192905243406905
    ],
    "100000.0": [
        0.047645804222593915,
        0.12061616816419236,
        0.14779950608598424,
        0.0434404286932438,
        0.08073022923570998,
        0.0434404286932438,
        0.047645804222593915,
        0.0434404286932438,
        0.047645804222593915,
        0.07789888686322151
    ]
}