{
    "1e-06": [
        0.1103954571804319,
        0.006973059520083442,
        0.0044323019307069104,
        0.10799708842520564
    ],
    "1e-05": [
        0.10409971577656509,
        0.006973059520083442,
        0.012294631127510506,
        0.10702045604594004
    ],
    "0.0001": [
        0.10714117370115288,
        0.006979317484677361,
        0.09091110682720419,
        0.10722090823304121
    ],
    "0.001": [
        0.09775125129587268,
        0.10722090823304121,
        0.10722090823304121,
        0.10722090823304121
    ],
    "0.01": [
        0.07634329373403424,
        0.10722767594121588,
        0.10722767594121588,
        0.10673339841854969
    ],
    "0.1": [
        0.031189237846643608,
        0.06758596305322877,
        0.10722767594121588,
        0.028003354225752466
    ],
    "1.0": [
        0.010566939875708054,
        0.047116095507691726,
        0.10722767594121588,
        0.03045380192494665
    ],
    "10.0": [
        0.010566939875708054,
        0.05690503953446377,
        0.06061528506391904,
        0.010566939875708054
    ],
    "100.0": [
        0.010566939875708054,
        0.0644399848555192,
        0.05854500159263453,
        0.010566939875708054
    ],
    "1000.0": [
        0.010566939875708054,
        0.05894302425646667,
        0.04936394503543384,
        0.022704618343120184
    ],
    "10000.0": [
        0.010566939875708054,
        0.06005103210282456,
        0.03440933109889226,
        0.10098864349590111
    ],
    "100000.0": [
        0.009839956739482195,
        0.060865740484701,
        0.02848829692474835,
        0.009619624059234635
    ]
}