{
    "1e-06": [
        0.15718887410265334,
        0.1529547224653528,
        0.14011611938476562,
        0.15446457964308719
    ],
    "1e-05": [
        0.1399883249972729,
        0.2047966997674171,
        0.18948271325294008,
        0.1713228367744608
    ],
    "0.0001": [
        0.12114091223858772,
        0.2122654042345412,
        0.216139107562126,
        0.226483986225534
    ],
    "0.001": [
        0.13429317068546376,
        0.20438724680149808,
        0.21106827512700507,
        0.21100432213316572
    ],
    "0.01": [
        0.14633896401587954,
        0.17263265569159325,
        0.19177977785151057,
        0.17758781757760556
    ],
    "0.1": [
        0.13263156972032913,
        0.047645804222593915,
        0.1428427777391799,
        0.17392432436029961
    ],
    "1.0": [
        0.047645804222593915,
        0.047645804222593915,
        0.18277039223528924,
        0.047645804222593915
    ],
    "10.0": [
        0.047645804222593915,
        0.047645804222593915,
        0.08362990947479898,
        0.047645804222593915
    ],
    "100.0": [
        0.047645804222593915,
        0.047645804222593915,
        0.12158884900681516,
        0.11156438056458819
    ],
    "1000.0": [
        0.047645804222593915,
        0.047645804222593915,
        0.1530267654581273,
        0.08894318113935755
    ],
    "10000.0": [
        0.047645804222593915,
        0.11496981357006317,
        0.120136141269765,
        0.047645804222593915
    ],
    "100000.0": [
        0.047645804222593915,
        0.05104205557640563,
        0.13104507973853577,
        0.0434404286932438
    ]
}