{
    "1e-06": [
        0.14479459803155129,
        0.1326588508930612,
        0.13103692075039478,
        0.11658142982645238,
        0.14321483855551861,
        0.15294230440829662,
        0.07107297511810952,
        0.1557898318513911,
        0.05942003676231871,
        0.044577077094544754
    ],
    "1e-05": [
        0.2079298567264638,
        0.1744988076230313,
        0.2065779949756379,
        0.23131764188725898,
        0.21394004010139628,
        0.17862078078249669,
        0.16519199127846576,
        0.13592903867680975,
        0.16740864692850316,
        0.06509876352675417
    ],
    "0.0001": [
        0.20674281830483296,
        0.22066153668342753,
        0.1954447441912712,
        0.24071925548796957,
        0.22248104988260473,
        0.2212507207342919,
        0.2076053984621738,
        0.12588237600123628,
        0.19161626734632126,
        0.0768275260925293
    ],
    "0.001": [
        0.19666107258898147,
        0.1893787871015833,
        0.18191057976256025,
        0.23775280079943067,
        0.22100151954813207,
        0.20188012224562624,
        0.1815688112948803,
        0.15364293443395735,
        0.18954188570063166,
        0.09728492675943577
    ],
    "0.01": [
        0.1711111474544444,
        0.12483869512030418,
        0.16875811028987803,
        0.22834204409984832,
        0.19686597661769137,
        0.16844290469555145,
        0.17108804824504448,
        0.15143492272559633,
        0.13676180940993288,
        0.06819010085247933
    ],
    "0.1": [
        0.047645804222593915,
        0.11555276221417367,
        0.0790116289828686,
        0.21694676013703043,
        0.16361143842656561,
        0.2032815953518482,
        0.1417683297015251,
        0.030355675677035718,
        0.045536735717286454,
        0.1643090268398853
    ],
    "1.0": [
        0.047645804222593915,
        0.047645804222593915,
        0.047645804222593915,
        0.2161510021128553,
        0.1277384839159377,
        0.047645804222593915,
        0.05738349265240608,
        0.04749125216869598,
        0.047645804222593915,
        0.047645804222593915
    ],
    "10.0": [
        0.047645804222593915,
        0.1469009541450663,
        0.1627061498926041,
        0.2119276635190274,
        0.17274637831018327,
        0.047645804222593915,
        0.0006334024699444467,
        0.047645804222593915,
        0.047645804222593915,
        0.047645804222593915
    ],
    "100.0": [
        0.047645804222593915,
        0.15475088484743807,
        0.047645804222593915,
        0.2206836112002109,
        0.15609342291000042,
        0.14033224633399477,
        0.16988411761344746,
        0.047645804222593915,
        0.12469107445250166,
        0.047645804222593915
    ],
    "1000.0": [
        0.047645804222593915,
        0.09062055323986297,
        0.10884450547238614,
        0.16588659895227312,
        0.14101287557723674,
        0.14167412494091278,
        0.13533422591838432,
        0.047645804222593915,
        0.12632342602344268,
        0.047645804222593915
    ],
    "10000.0": [
        0.061702204765157496,
        0.0434404286932438,
        0.047645804222593915,
        0.17303490943097052,
        0.09283949973735403,
        0.047645804222593915,
        0.047645804222593915,
        0.1457007387851147,
        0.13482287386630443,
        0.047645804222593915
    ],
    "100000.0": [
        0.12626462895819482,
        0.0434404286932438,
        0.0434404286932438,
        0.16889298215825507,
        0.09293601868000437,
        0.0434404286932438,
        0.047645804222593915,
        0.047645804222593915,
        0.14574114211062167,
        0.04736207089525588
    ]
}