{
    "1e-06": [
        0.08369106942034782,
        0.07631976350824883,
        0.15094106755358108,
        0.09859438145414312,
        0.11108777269403985,
        0.15930535539667656,
        0.1362924575805664,
        0.1419473627780346,
        0.13610898687484416,
        0.013164651140253595
    ],
    "1e-05": [
        0.1744500606618029,
        0.13442943654161818,
        0.1592480314538834,
        0.23436390897060963,
        0.23999556277660614,
        0.16539614657138257,
        0.16916229166883104,
        0.21978723850656062,
        0.16932724283096637,
        0.01980572761373317
    ],
    "0.0001": [
        0.18903474807739257,
        0.1807621306561409,
        0.22115417236977436,
        0.23576051022144073,
        0.24536134029956574,
        0.18917535619532808,
        0.20048161770435088,
        0.2231929860216506,
        0.21972692367878366,
        0.03314183062695442
    ],
    "0.001": [
        0.19172094223347116,
        0.18185814390791225,
        0.18652010572717545,
        0.2318711706932555,
        0.2320089137300532,
        0.14830113066003678,
        0.19737008886134372,
        0.222156013326442,
        0.19502338652915144,
        0.07412832442750322
    ],
    "0.01": [
        0.14057625912605448,
        0.1931430552868133,
        0.16737936101061232,
        0.20469523490743435,
        0.22069686321502036,
        0.12345812168527157,
        0.1869641344597999,
        0.20208213278587828,
        0.18062759561741606,
        0.1051720842402032
    ],
    "0.1": [
        0.04367631242630329,
        0.19498262405395508,
        0.18139834302536983,
        0.047645804222593915,
        0.22785882746919672,
        0.08347780450861504,
        0.1370390851446923,
        0.1839840828104222,
        0.15311653664771546,
        0.15948668540792263
    ],
    "1.0": [
        0.047645804222593915,
        0.19230241369693837,
        0.047645804222593915,
        0.047645804222593915,
        0.21906766282751206,
        0.04768766494507485,
        0.047645804222593915,
        0.13138122152774892,
        0.047645804222593915,
        0.047645804222593915
    ],
    "10.0": [
        0.047645804222593915,
        0.19301343471445936,
        0.13490125777873588,
        0.047645804222593915,
        0.21454460468698056,
        0.1467145432817175,
        0.047645804222593915,
        0.1635309990416182,
        0.16361896230819378,
        0.047645804222593915
    ],
    "100.0": [
        0.15436439311250727,
        0.19179686891271713,
        0.047645804222593915,
        0.047645804222593915,
        0.19876776147396005,
        0.047645804222593915,
        0.047645804222593915,
        0.1536907581572837,
        0.047645804222593915,
        0.047645804222593915
    ],
    "1000.0": [
        0.12855505233115339,
        0.19030934800492957,
        0.13537380543160946,
        0.047645804222593915,
        0.16753428641785967,
        0.15341438131129487,
        0.047645804222593915,
        0.14429440193987908,
        0.09889335936688362,
        0.047645804222593915
    ],
    "10000.0": [
        0.13450866049908577,
        0.16354559634594207,
        0.05698834885942175,
        0.047645804222593915,
        0.16541202626329787,
        0.0434404286932438,
        0.047645804222593915,
        0.10189768405670815,
        0.047645804222593915,
        0.047645804222593915
    ],
    "100000.0": [
        0.13092072263677068,
        0.15134545995834026,
        0.0434404286932438,
        0.047645804222593915,
        0.1659816173796958,
        0.0434404286932438,
        0.0434404286932438,
        0.14286478732494598,
        0.0434404286932438,
        0.047645804222593915
    ]
}