{
    "1e-06": [
        0.004702326432820443,
        0.10936022823388696,
        0.10871744811248653,
        0.00744266976562433
    ],
    "1e-05": [
        0.004702326432820443,
        0.15677632810185535,
        0.12547550052971926,
        0.0166436055180726
    ],
    "0.0001": [
        0.004702326432820443,
        0.14066655092196742,
        0.14530509993579535,
        0.0600569081199862
    ],
    "0.001": [
        0.10712193187291032,
        0.13690129406583645,
        0.11306037151136428,
        0.0802906493237327
    ],
    "0.01": [
        0.10722090823304121,
        0.0927546421094611,
        0.10365352197916505,
        0.1317150621624217
    ],
    "0.1": [
        0.10722767594121588,
        0.010566939875708054,
        0.0217384780000073,
        0.010566939875708054
    ],
    "1.0": [
        0.06027146881237431,
        0.026086952023443785,
        0.010566939875708054,
        0.010566939875708054
    ],
    "10.0": [
        0.07175741520992354,
        0.017985151054488446,
        0.0645578196949271,
        0.010566939875708054
    ],
    "100.0": [
        0.04465746887473599,
        0.013946020518298338,
        0.010575498013055015,
        0.010566939875708054
    ],
    "1000.0": [
        0.05407573016476683,
        0.010586220996232593,
        0.010566939875708054,
        0.010566939875708054
    ],
    "10000.0": [
        0.06148069507733424,
        0.010566939875708054,
        0.010566939875708054,
        0.010566939875708054
    ],
    "100000.0": [
        0.06837220270125592,
        0.07822606405254073,
        0.009619624059234635,
        0.010566939875708054
    ]
}