{
    "1e-06": [
        0.00888301957460957,
        0.10783379913698977,
        0.07343891879386669,
        0.1089797597153334,
        0.07624616266027312,
        0.10703989693139006,
        0.08566370648369724,
        0.0787718483580128
    ],
    "1e-05": [
        0.016732396659402585,
        0.1127899905509715,
        0.10707320296857151,
        0.1250830105666116,
        0.0958719870214688,
        0.14928496604448202,
        0.10677696454799379,
        0.11419679313567443
    ],
    "0.0001": [
        0.06100940878056872,
        0.13796797413011916,
        0.10722090823304121,
        0.14932207943568424,
        0.10709842093477662,
        0.1459446570833386,
        0.10711081925360726,
        0.12266621129326047
    ],
    "0.001": [
        0.08042351049507547,
        0.10538002496761367,
        0.10722090823304121,
        0.1282979697063084,
        0.10712383069390394,
        0.11666390626985992,
        0.08600061376830327,
        0.10654295002077763
    ],
    "0.01": [
        0.13608247078221095,
        0.12015536866217265,
        0.027928315087015373,
        0.11853043893686804,
        0.10711758775137813,
        0.010566939875708054,
        0.10721937562677517,
        0.010568746570562523
    ],
    "0.1": [
        0.010566939875708054,
        0.013491320677162065,
        0.021217516487571336,
        0.021232541635111873,
        0.06642653251606259,
        0.010566939875708054,
        0.10667791262350447,
        0.010566939875708054
    ],
    "1.0": [
        0.010566939875708054,
        0.010566939875708054,
        0.010566939875708054,
        0.010566939875708054,
        0.08078556412950931,
        0.010566939875708054,
        0.10875283110356919,
        0.010566939875708054
    ],
    "10.0": [
        0.010566939875708054,
        0.010566939875708054,
        0.010566939875708054,
        0.020143481966161753,
        0.09470148089706236,
        0.010566939875708054,
        0.0991141387496016,
        0.010566939875708054
    ],
    "100.0": [
        0.010566939875708054,
        0.010566939875708054,
        0.11028514940388492,
        0.010566939875708054,
        0.09486832534226583,
        0.010566939875708054,
        0.07675105985732125,
        0.1043008996824848
    ],
    "1000.0": [
        0.010566939875708054,
        0.05591683297742379,
        0.10128845310226973,
        0.010566939875708054,
        0.10304023556646912,
        0.010566939875708054,
        0.0953057168789071,
        0.010566939875708054
    ],
    "10000.0": [
        0.010566939875708054,
        0.050303822500181825,
        0.10670659628544527,
        0.010566939875708054,
        0.07517083857031448,
        0.010566939875708054,
        0.08844587988047277,
        0.037316273884931965
    ],
    "100000.0": [
        0.010566939875708054,
        0.04796258948026538,
        0.10990016660581343,
        0.009619624059234635,
        0.10421693788930504,
        0.010566939875708054,
        0.07870854177031222,
        0.07321497501373923
    ]
}